ID,OutcomeType
1,4
2,0
3,4
4,0
5,3
6,3
7,0
8,0
9,0
10,0
11,0
12,3
13,0
14,4
15,0
16,0
17,3
18,3
19,0
20,2
21,4
22,4
23,0
24,4
25,0
26,4
27,0
28,4
29,3
30,3
31,0
32,0
33,4
34,0
35,4
36,0
37,4
38,0
39,3
40,0
41,4
42,4
43,0
44,4
45,4
46,0
47,0
48,3
49,3
50,4
51,0
52,0
53,0
54,4
55,4
56,0
57,0
58,4
59,4
60,0
61,0
62,3
63,0
64,4
65,4
66,0
67,0
68,3
69,0
70,4
71,4
72,0
73,4
74,0
75,4
76,4
77,0
78,2
79,0
80,0
81,4
82,4
83,0
84,4
85,0
86,4
87,3
88,0
89,4
90,0
91,2
92,4
93,0
94,3
95,4
96,3
97,3
98,4
99,4
100,3
101,0
102,0
103,3
104,0
105,0
106,0
107,0
108,3
109,0
110,3
111,3
112,0
113,3
114,3
115,4
116,0
117,0
118,3
119,3
120,4
121,0
122,0
123,0
124,4
125,4
126,0
127,2
128,0
129,0
130,0
131,3
132,0
133,0
134,0
135,0
136,0
137,3
138,4
139,3
140,0
141,0
142,4
143,0
144,3
145,0
146,3
147,0
148,3
149,4
150,4
151,4
152,4
153,0
154,4
155,0
156,0
157,3
158,4
159,0
160,4
161,3
162,0
163,4
164,0
165,0
166,0
167,0
168,0
169,0
170,0
171,4
172,0
173,3
174,3
175,0
176,4
177,0
178,0
179,4
180,4
181,4
182,4
183,0
184,4
185,0
186,3
187,4
188,0
189,0
190,0
191,3
192,0
193,4
194,0
195,0
196,0
197,0
198,0
199,3
200,0
201,4
202,0
203,0
204,0
205,4
206,4
207,0
208,4
209,0
210,0
211,4
212,3
213,3
214,0
215,4
216,4
217,0
218,0
219,0
220,3
221,3
222,4
223,4
224,0
225,3
226,0
227,4
228,4
229,0
230,4
231,0
232,0
233,4
234,3
235,0
236,0
237,0
238,4
239,0
240,0
241,0
242,0
243,0
244,4
245,3
246,3
247,4
248,0
249,3
250,0
251,4
252,3
253,4
254,3
255,4
256,0
257,4
258,0
259,0
260,0
261,0
262,0
263,0
264,0
265,3
266,0
267,4
268,4
269,4
270,0
271,4
272,4
273,4
274,4
275,4
276,4
277,4
278,4
279,4
280,4
281,3
282,3
283,4
284,0
285,3
286,3
287,4
288,4
289,0
290,0
291,0
292,0
293,0
294,4
295,3
296,4
297,3
298,4
299,0
300,0
301,3
302,0
303,0
304,0
305,4
306,2
307,0
308,0
309,0
310,4
311,4
312,0
313,4
314,3
315,4
316,3
317,3
318,0
319,4
320,0
321,0
322,4
323,4
324,0
325,0
326,0
327,0
328,0
329,0
330,4
331,3
332,4
333,0
334,0
335,4
336,0
337,2
338,0
339,4
340,0
341,4
342,0
343,4
344,0
345,0
346,0
347,3
348,4
349,3
350,0
351,0
352,4
353,3
354,0
355,0
356,4
357,0
358,4
359,0
360,0
361,0
362,4
363,3
364,0
365,0
366,2
367,4
368,2
369,2
370,0
371,0
372,4
373,0
374,3
375,4
376,0
377,0
378,0
379,0
380,4
381,0
382,4
383,4
384,4
385,3
386,3
387,4
388,0
389,0
390,0
391,3
392,4
393,0
394,4
395,0
396,3
397,3
398,4
399,0
400,0
401,0
402,0
403,0
404,4
405,0
406,3
407,0
408,3
409,0
410,4
411,3
412,0
413,0
414,0
415,3
416,0
417,4
418,0
419,0
420,4
421,0
422,4
423,4
424,0
425,0
426,4
427,0
428,4
429,4
430,4
431,0
432,3
433,0
434,0
435,4
436,4
437,0
438,0
439,4
440,0
441,4
442,0
443,0
444,3
445,0
446,0
447,0
448,4
449,4
450,4
451,4
452,0
453,0
454,4
455,3
456,3
457,0
458,3
459,0
460,4
461,0
462,3
463,4
464,4
465,0
466,0
467,2
468,0
469,0
470,0
471,4
472,2
473,0
474,3
475,0
476,0
477,4
478,3
479,4
480,0
481,3
482,4
483,3
484,4
485,4
486,3
487,0
488,0
489,4
490,4
491,4
492,3
493,3
494,0
495,4
496,0
497,0
498,0
499,0
500,3
501,0
502,3
503,4
504,0
505,3
506,3
507,3
508,0
509,0
510,0
511,0
512,3
513,0
514,4
515,3
516,0
517,4
518,0
519,4
520,4
521,0
522,4
523,0
524,0
525,0
526,3
527,0
528,3
529,4
530,0
531,4
532,3
533,0
534,0
535,4
536,0
537,0
538,0
539,0
540,3
541,4
542,4
543,0
544,4
545,4
546,3
547,4
548,0
549,4
550,4
551,0
552,0
553,0
554,0
555,4
556,4
557,3
558,0
559,0
560,3
561,4
562,3
563,4
564,0
565,4
566,0
567,4
568,0
569,3
570,0
571,0
572,3
573,3
574,4
575,0
576,0
577,3
578,0
579,2
580,0
581,3
582,4
583,3
584,0
585,4
586,4
587,0
588,4
589,0
590,0
591,3
592,0
593,4
594,3
595,0
596,3
597,0
598,0
599,0
600,4
601,4
602,0
603,0
604,3
605,4
606,2
607,0
608,2
609,4
610,4
611,0
612,0
613,0
614,0
615,0
616,3
617,0
618,3
619,0
620,0
621,4
622,0
623,4
624,0
625,0
626,4
627,4
628,4
629,3
630,4
631,3
632,0
633,0
634,0
635,4
636,0
637,0
638,0
639,4
640,0
641,4
642,4
643,4
644,0
645,0
646,3
647,0
648,4
649,4
650,4
651,4
652,0
653,3
654,0
655,0
656,4
657,4
658,0
659,0
660,3
661,4
662,0
663,0
664,3
665,0
666,0
667,0
668,0
669,0
670,0
671,4
672,0
673,4
674,0
675,0
676,4
677,4
678,0
679,4
680,0
681,4
682,3
683,0
684,0
685,0
686,3
687,4
688,0
689,0
690,0
691,0
692,0
693,3
694,3
695,0
696,4
697,3
698,4
699,4
700,3
701,4
702,0
703,4
704,0
705,0
706,0
707,0
708,4
709,0
710,0
711,0
712,0
713,4
714,0
715,0
716,0
717,0
718,4
719,0
720,0
721,0
722,0
723,0
724,0
725,0
726,3
727,3
728,3
729,0
730,0
731,4
732,3
733,4
734,0
735,3
736,0
737,3
738,4
739,4
740,0
741,4
742,0
743,0
744,4
745,0
746,4
747,0
748,0
749,0
750,4
751,3
752,4
753,4
754,0
755,0
756,3
757,4
758,3
759,3
760,0
761,0
762,0
763,4
764,4
765,4
766,0
767,4
768,0
769,4
770,4
771,0
772,4
773,3
774,0
775,4
776,0
777,3
778,3
779,0
780,4
781,0
782,3
783,0
784,0
785,4
786,0
787,4
788,3
789,3
790,0
791,4
792,4
793,0
794,3
795,3
796,4
797,0
798,3
799,0
800,0
801,0
802,3
803,0
804,0
805,0
806,4
807,0
808,0
809,3
810,4
811,0
812,0
813,0
814,4
815,3
816,0
817,0
818,3
819,0
820,0
821,4
822,4
823,4
824,3
825,0
826,0
827,4
828,0
829,0
830,4
831,0
832,0
833,4
834,0
835,3
836,3
837,3
838,2
839,4
840,3
841,0
842,0
843,0
844,0
845,0
846,0
847,0
848,4
849,0
850,0
851,0
852,3
853,4
854,3
855,0
856,4
857,0
858,3
859,0
860,0
861,4
862,3
863,0
864,4
865,4
866,0
867,4
868,0
869,4
870,0
871,0
872,3
873,3
874,0
875,3
876,3
877,0
878,4
879,3
880,3
881,0
882,0
883,3
884,3
885,0
886,3
887,4
888,0
889,0
890,4
891,4
892,4
893,0
894,3
895,4
896,4
897,0
898,0
899,4
900,4
901,0
902,3
903,4
904,0
905,0
906,0
907,0
908,4
909,0
910,3
911,4
912,4
913,3
914,4
915,4
916,0
917,0
918,4
919,4
920,3
921,0
922,0
923,0
924,4
925,0
926,0
927,0
928,3
929,0
930,0
931,4
932,3
933,0
934,4
935,4
936,3
937,0
938,4
939,4
940,0
941,3
942,4
943,3
944,4
945,3
946,0
947,0
948,4
949,3
950,0
951,3
952,4
953,0
954,3
955,0
956,0
957,0
958,4
959,0
960,4
961,0
962,2
963,4
964,0
965,0
966,3
967,0
968,0
969,0
970,3
971,3
972,3
973,4
974,0
975,0
976,3
977,0
978,0
979,0
980,0
981,4
982,3
983,0
984,0
985,4
986,0
987,0
988,0
989,4
990,0
991,0
992,4
993,3
994,0
995,4
996,0
997,4
998,0
999,0
1000,4
1001,4
1002,0
1003,0
1004,3
1005,0
1006,0
1007,0
1008,0
1009,0
1010,4
1011,3
1012,0
1013,0
1014,0
1015,4
1016,3
1017,3
1018,3
1019,4
1020,0
1021,0
1022,0
1023,0
1024,4
1025,3
1026,0
1027,4
1028,3
1029,4
1030,4
1031,3
1032,3
1033,2
1034,3
1035,0
1036,0
1037,0
1038,0
1039,4
1040,0
1041,0
1042,4
1043,4
1044,4
1045,4
1046,4
1047,0
1048,0
1049,0
1050,0
1051,0
1052,3
1053,0
1054,0
1055,4
1056,0
1057,0
1058,4
1059,4
1060,4
1061,4
1062,4
1063,3
1064,4
1065,0
1066,0
1067,3
1068,0
1069,4
1070,0
1071,0
1072,0
1073,3
1074,3
1075,3
1076,0
1077,3
1078,3
1079,0
1080,3
1081,4
1082,4
1083,0
1084,4
1085,3
1086,3
1087,0
1088,4
1089,3
1090,4
1091,3
1092,0
1093,4
1094,4
1095,4
1096,3
1097,4
1098,3
1099,3
1100,3
1101,4
1102,0
1103,4
1104,0
1105,4
1106,0
1107,0
1108,3
1109,0
1110,4
1111,0
1112,4
1113,0
1114,0
1115,2
1116,3
1117,4
1118,3
1119,0
1120,0
1121,4
1122,0
1123,4
1124,0
1125,0
1126,0
1127,4
1128,0
1129,0
1130,3
1131,0
1132,4
1133,0
1134,4
1135,4
1136,4
1137,4
1138,0
1139,0
1140,0
1141,0
1142,0
1143,0
1144,4
1145,2
1146,0
1147,3
1148,0
1149,3
1150,0
1151,0
1152,0
1153,0
1154,4
1155,0
1156,0
1157,3
1158,3
1159,3
1160,4
1161,0
1162,0
1163,3
1164,0
1165,0
1166,0
1167,4
1168,3
1169,3
1170,4
1171,0
1172,4
1173,0
1174,4
1175,0
1176,0
1177,0
1178,0
1179,0
1180,4
1181,4
1182,0
1183,0
1184,0
1185,0
1186,4
1187,0
1188,3
1189,3
1190,4
1191,0
1192,4
1193,3
1194,3
1195,3
1196,3
1197,3
1198,3
1199,0
1200,0
1201,4
1202,0
1203,0
1204,4
1205,4
1206,0
1207,4
1208,0
1209,4
1210,3
1211,4
1212,0
1213,0
1214,4
1215,0
1216,3
1217,3
1218,4
1219,0
1220,4
1221,3
1222,0
1223,0
1224,0
1225,4
1226,0
1227,0
1228,4
1229,0
1230,0
1231,0
1232,0
1233,0
1234,4
1235,3
1236,4
1237,0
1238,4
1239,4
1240,3
1241,0
1242,4
1243,4
1244,4
1245,2
1246,2
1247,0
1248,0
1249,0
1250,4
1251,0
1252,0
1253,4
1254,4
1255,0
1256,3
1257,0
1258,4
1259,3
1260,0
1261,3
1262,0
1263,0
1264,4
1265,0
1266,4
1267,0
1268,0
1269,0
1270,0
1271,0
1272,0
1273,3
1274,3
1275,4
1276,0
1277,4
1278,4
1279,4
1280,0
1281,4
1282,3
1283,4
1284,0
1285,0
1286,4
1287,0
1288,4
1289,3
1290,4
1291,3
1292,0
1293,0
1294,4
1295,3
1296,0
1297,4
1298,0
1299,4
1300,4
1301,4
1302,0
1303,3
1304,4
1305,0
1306,0
1307,0
1308,0
1309,3
1310,0
1311,0
1312,3
1313,4
1314,4
1315,0
1316,0
1317,4
1318,0
1319,0
1320,3
1321,0
1322,0
1323,3
1324,0
1325,3
1326,0
1327,4
1328,0
1329,0
1330,0
1331,4
1332,0
1333,0
1334,0
1335,0
1336,0
1337,3
1338,0
1339,3
1340,4
1341,4
1342,3
1343,4
1344,3
1345,3
1346,3
1347,0
1348,0
1349,0
1350,0
1351,0
1352,4
1353,0
1354,0
1355,3
1356,4
1357,3
1358,3
1359,0
1360,4
1361,3
1362,0
1363,3
1364,0
1365,0
1366,3
1367,4
1368,0
1369,0
1370,4
1371,4
1372,4
1373,4
1374,4
1375,0
1376,4
1377,4
1378,0
1379,4
1380,0
1381,0
1382,3
1383,3
1384,0
1385,0
1386,0
1387,3
1388,0
1389,3
1390,4
1391,3
1392,0
1393,4
1394,0
1395,3
1396,0
1397,0
1398,4
1399,0
1400,3
1401,3
1402,4
1403,3
1404,0
1405,0
1406,4
1407,0
1408,0
1409,4
1410,3
1411,3
1412,3
1413,0
1414,0
1415,0
1416,4
1417,0
1418,3
1419,0
1420,4
1421,3
1422,3
1423,4
1424,0
1425,4
1426,0
1427,0
1428,4
1429,0
1430,3
1431,4
1432,4
1433,0
1434,0
1435,4
1436,3
1437,0
1438,4
1439,0
1440,0
1441,4
1442,0
1443,4
1444,4
1445,0
1446,0
1447,3
1448,4
1449,0
1450,0
1451,0
1452,4
1453,4
1454,0
1455,3
1456,4
1457,0
1458,0
1459,3
1460,0
1461,4
1462,3
1463,3
1464,4
1465,3
1466,3
1467,0
1468,0
1469,0
1470,0
1471,0
1472,0
1473,4
1474,4
1475,4
1476,3
1477,0
1478,0
1479,0
1480,4
1481,4
1482,0
1483,4
1484,3
1485,4
1486,3
1487,3
1488,0
1489,0
1490,4
1491,0
1492,4
1493,4
1494,0
1495,4
1496,4
1497,0
1498,4
1499,4
1500,0
1501,4
1502,4
1503,0
1504,3
1505,3
1506,4
1507,4
1508,0
1509,4
1510,3
1511,4
1512,0
1513,0
1514,4
1515,0
1516,4
1517,0
1518,4
1519,0
1520,3
1521,4
1522,0
1523,4
1524,0
1525,0
1526,4
1527,4
1528,0
1529,0
1530,0
1531,4
1532,0
1533,4
1534,4
1535,4
1536,0
1537,0
1538,0
1539,4
1540,3
1541,0
1542,0
1543,4
1544,0
1545,0
1546,0
1547,3
1548,0
1549,0
1550,3
1551,4
1552,4
1553,0
1554,3
1555,0
1556,4
1557,0
1558,3
1559,0
1560,0
1561,3
1562,0
1563,4
1564,0
1565,0
1566,0
1567,3
1568,0
1569,0
1570,3
1571,0
1572,3
1573,4
1574,0
1575,2
1576,3
1577,4
1578,4
1579,4
1580,0
1581,0
1582,4
1583,3
1584,4
1585,4
1586,0
1587,0
1588,0
1589,4
1590,4
1591,4
1592,4
1593,3
1594,4
1595,3
1596,3
1597,0
1598,0
1599,0
1600,4
1601,0
1602,4
1603,4
1604,0
1605,0
1606,0
1607,0
1608,0
1609,0
1610,4
1611,0
1612,3
1613,3
1614,0
1615,0
1616,0
1617,0
1618,3
1619,0
1620,4
1621,4
1622,0
1623,0
1624,0
1625,0
1626,0
1627,0
1628,4
1629,4
1630,0
1631,2
1632,0
1633,0
1634,0
1635,4
1636,3
1637,0
1638,4
1639,3
1640,0
1641,0
1642,0
1643,3
1644,4
1645,4
1646,0
1647,0
1648,0
1649,0
1650,4
1651,3
1652,4
1653,0
1654,0
1655,3
1656,0
1657,4
1658,3
1659,4
1660,0
1661,0
1662,0
1663,4
1664,3
1665,4
1666,0
1667,4
1668,4
1669,0
1670,0
1671,0
1672,3
1673,3
1674,3
1675,3
1676,0
1677,0
1678,0
1679,4
1680,2
1681,3
1682,4
1683,3
1684,0
1685,4
1686,4
1687,4
1688,0
1689,3
1690,0
1691,0
1692,4
1693,4
1694,0
1695,0
1696,4
1697,0
1698,3
1699,0
1700,3
1701,0
1702,0
1703,0
1704,4
1705,0
1706,0
1707,3
1708,0
1709,3
1710,3
1711,4
1712,0
1713,0
1714,0
1715,0
1716,4
1717,0
1718,0
1719,4
1720,3
1721,4
1722,0
1723,0
1724,0
1725,0
1726,4
1727,0
1728,0
1729,0
1730,4
1731,4
1732,4
1733,0
1734,4
1735,0
1736,0
1737,0
1738,0
1739,0
1740,3
1741,2
1742,4
1743,3
1744,4
1745,0
1746,4
1747,4
1748,4
1749,4
1750,0
1751,4
1752,3
1753,0
1754,4
1755,4
1756,0
1757,0
1758,3
1759,0
1760,3
1761,4
1762,0
1763,3
1764,4
1765,0
1766,0
1767,4
1768,0
1769,0
1770,3
1771,0
1772,0
1773,3
1774,0
1775,0
1776,0
1777,0
1778,3
1779,3
1780,4
1781,3
1782,3
1783,3
1784,0
1785,4
1786,4
1787,0
1788,0
1789,0
1790,0
1791,0
1792,0
1793,0
1794,0
1795,0
1796,4
1797,3
1798,0
1799,0
1800,0
1801,3
1802,0
1803,0
1804,4
1805,4
1806,3
1807,0
1808,4
1809,4
1810,0
1811,3
1812,2
1813,4
1814,0
1815,0
1816,0
1817,0
1818,4
1819,0
1820,0
1821,4
1822,4
1823,3
1824,4
1825,0
1826,0
1827,4
1828,0
1829,0
1830,4
1831,3
1832,4
1833,0
1834,0
1835,4
1836,4
1837,4
1838,2
1839,0
1840,0
1841,4
1842,4
1843,0
1844,0
1845,0
1846,4
1847,3
1848,4
1849,0
1850,0
1851,4
1852,2
1853,0
1854,0
1855,0
1856,3
1857,3
1858,4
1859,0
1860,4
1861,4
1862,0
1863,3
1864,0
1865,0
1866,0
1867,4
1868,0
1869,4
1870,4
1871,2
1872,3
1873,0
1874,4
1875,0
1876,3
1877,3
1878,3
1879,0
1880,0
1881,3
1882,4
1883,0
1884,0
1885,0
1886,0
1887,3
1888,3
1889,0
1890,4
1891,0
1892,0
1893,0
1894,4
1895,0
1896,4
1897,0
1898,0
1899,0
1900,4
1901,4
1902,0
1903,2
1904,3
1905,3
1906,0
1907,0
1908,0
1909,4
1910,3
1911,0
1912,2
1913,4
1914,0
1915,3
1916,3
1917,3
1918,2
1919,0
1920,0
1921,3
1922,3
1923,4
1924,3
1925,4
1926,4
1927,0
1928,4
1929,0
1930,3
1931,0
1932,0
1933,0
1934,3
1935,4
1936,0
1937,4
1938,2
1939,4
1940,0
1941,0
1942,4
1943,0
1944,0
1945,0
1946,4
1947,3
1948,4
1949,0
1950,0
1951,0
1952,4
1953,4
1954,3
1955,0
1956,3
1957,0
1958,0
1959,0
1960,0
1961,4
1962,4
1963,4
1964,3
1965,4
1966,0
1967,0
1968,0
1969,0
1970,0
1971,3
1972,0
1973,4
1974,0
1975,0
1976,0
1977,4
1978,0
1979,3
1980,0
1981,0
1982,0
1983,0
1984,4
1985,0
1986,4
1987,4
1988,0
1989,4
1990,0
1991,0
1992,4
1993,0
1994,0
1995,3
1996,0
1997,4
1998,3
1999,0
2000,3
2001,4
2002,4
2003,0
2004,0
2005,3
2006,0
2007,0
2008,0
2009,3
2010,0
2011,0
2012,0
2013,0
2014,0
2015,4
2016,0
2017,0
2018,3
2019,0
2020,0
2021,3
2022,0
2023,0
2024,3
2025,0
2026,0
2027,4
2028,3
2029,4
2030,0
2031,0
2032,4
2033,4
2034,4
2035,0
2036,3
2037,4
2038,4
2039,3
2040,0
2041,0
2042,4
2043,0
2044,3
2045,3
2046,3
2047,0
2048,0
2049,4
2050,0
2051,4
2052,3
2053,2
2054,0
2055,0
2056,3
2057,0
2058,4
2059,0
2060,0
2061,0
2062,0
2063,4
2064,0
2065,0
2066,3
2067,3
2068,4
2069,3
2070,0
2071,0
2072,0
2073,0
2074,0
2075,3
2076,3
2077,4
2078,4
2079,0
2080,3
2081,0
2082,3
2083,0
2084,3
2085,0
2086,0
2087,0
2088,0
2089,4
2090,0
2091,4
2092,4
2093,0
2094,4
2095,0
2096,4
2097,3
2098,4
2099,4
2100,4
2101,4
2102,4
2103,0
2104,4
2105,4
2106,0
2107,3
2108,0
2109,0
2110,3
2111,0
2112,4
2113,3
2114,0
2115,4
2116,3
2117,3
2118,3
2119,3
2120,0
2121,3
2122,4
2123,0
2124,0
2125,0
2126,3
2127,0
2128,3
2129,0
2130,4
2131,4
2132,0
2133,4
2134,4
2135,4
2136,0
2137,0
2138,0
2139,4
2140,3
2141,3
2142,3
2143,4
2144,0
2145,4
2146,0
2147,3
2148,0
2149,4
2150,4
2151,0
2152,0
2153,0
2154,0
2155,0
2156,0
2157,4
2158,0
2159,4
2160,0
2161,0
2162,0
2163,0
2164,4
2165,0
2166,3
2167,0
2168,0
2169,0
2170,4
2171,0
2172,0
2173,4
2174,0
2175,0
2176,3
2177,0
2178,3
2179,0
2180,3
2181,0
2182,0
2183,0
2184,0
2185,3
2186,3
2187,0
2188,0
2189,0
2190,0
2191,0
2192,0
2193,0
2194,4
2195,2
2196,0
2197,3
2198,3
2199,4
2200,4
2201,0
2202,0
2203,4
2204,4
2205,3
2206,3
2207,0
2208,4
2209,3
2210,3
2211,0
2212,0
2213,3
2214,0
2215,3
2216,0
2217,4
2218,4
2219,4
2220,0
2221,3
2222,0
2223,0
2224,0
2225,0
2226,0
2227,0
2228,0
2229,4
2230,3
2231,4
2232,0
2233,0
2234,0
2235,0
2236,3
2237,3
2238,4
2239,0
2240,3
2241,0
2242,0
2243,0
2244,3
2245,3
2246,4
2247,4
2248,0
2249,4
2250,0
2251,0
2252,0
2253,4
2254,0
2255,4
2256,0
2257,4
2258,0
2259,3
2260,3
2261,0
2262,0
2263,3
2264,4
2265,4
2266,0
2267,0
2268,4
2269,4
2270,4
2271,3
2272,4
2273,0
2274,0
2275,0
2276,4
2277,0
2278,3
2279,4
2280,4
2281,0
2282,3
2283,3
2284,0
2285,0
2286,3
2287,4
2288,4
2289,4
2290,4
2291,3
2292,4
2293,4
2294,0
2295,0
2296,0
2297,3
2298,4
2299,0
2300,0
2301,0
2302,0
2303,4
2304,0
2305,3
2306,0
2307,4
2308,4
2309,4
2310,4
2311,4
2312,4
2313,0
2314,0
2315,0
2316,0
2317,4
2318,0
2319,4
2320,3
2321,0
2322,0
2323,4
2324,0
2325,4
2326,0
2327,4
2328,0
2329,0
2330,0
2331,0
2332,3
2333,3
2334,3
2335,4
2336,3
2337,0
2338,4
2339,4
2340,0
2341,0
2342,0
2343,4
2344,0
2345,0
2346,4
2347,4
2348,4
2349,4
2350,4
2351,4
2352,0
2353,3
2354,4
2355,0
2356,3
2357,0
2358,4
2359,0
2360,0
2361,3
2362,0
2363,0
2364,0
2365,0
2366,3
2367,3
2368,0
2369,0
2370,0
2371,0
2372,3
2373,4
2374,0
2375,0
2376,0
2377,0
2378,0
2379,3
2380,4
2381,0
2382,4
2383,3
2384,0
2385,4
2386,3
2387,0
2388,0
2389,4
2390,0
2391,3
2392,0
2393,3
2394,0
2395,4
2396,0
2397,4
2398,4
2399,0
2400,0
2401,3
2402,0
2403,0
2404,0
2405,0
2406,0
2407,0
2408,0
2409,4
2410,4
2411,0
2412,0
2413,4
2414,3
2415,4
2416,0
2417,4
2418,4
2419,3
2420,3
2421,4
2422,3
2423,0
2424,0
2425,3
2426,3
2427,4
2428,3
2429,0
2430,0
2431,0
2432,0
2433,0
2434,4
2435,0
2436,4
2437,0
2438,0
2439,0
2440,4
2441,3
2442,3
2443,4
2444,0
2445,4
2446,3
2447,0
2448,0
2449,0
2450,0
2451,3
2452,4
2453,4
2454,0
2455,0
2456,0
2457,4
2458,0
2459,4
2460,4
2461,0
2462,0
2463,0
2464,0
2465,0
2466,0
2467,0
2468,4
2469,0
2470,0
2471,0
2472,0
2473,0
2474,0
2475,0
2476,4
2477,2
2478,4
2479,4
2480,0
2481,2
2482,4
2483,4
2484,4
2485,0
2486,0
2487,0
2488,3
2489,4
2490,0
2491,0
2492,3
2493,3
2494,4
2495,0
2496,0
2497,0
2498,4
2499,4
2500,4
2501,3
2502,0
2503,0
2504,0
2505,0
2506,3
2507,4
2508,0
2509,4
2510,0
2511,0
2512,0
2513,4
2514,4
2515,0
2516,3
2517,4
2518,0
2519,3
2520,3
2521,0
2522,0
2523,0
2524,3
2525,4
2526,0
2527,0
2528,0
2529,0
2530,4
2531,4
2532,4
2533,0
2534,4
2535,0
2536,3
2537,4
2538,4
2539,4
2540,4
2541,0
2542,0
2543,3
2544,0
2545,0
2546,4
2547,3
2548,0
2549,0
2550,4
2551,0
2552,4
2553,0
2554,0
2555,0
2556,4
2557,0
2558,0
2559,0
2560,0
2561,3
2562,3
2563,3
2564,0
2565,0
2566,3
2567,4
2568,0
2569,2
2570,0
2571,0
2572,3
2573,3
2574,0
2575,0
2576,4
2577,0
2578,0
2579,0
2580,0
2581,0
2582,3
2583,0
2584,3
2585,0
2586,0
2587,3
2588,4
2589,0
2590,4
2591,0
2592,0
2593,4
2594,4
2595,0
2596,4
2597,0
2598,0
2599,0
2600,0
2601,0
2602,4
2603,4
2604,3
2605,0
2606,3
2607,0
2608,0
2609,3
2610,3
2611,4
2612,0
2613,3
2614,0
2615,0
2616,0
2617,3
2618,0
2619,3
2620,0
2621,4
2622,3
2623,0
2624,0
2625,3
2626,4
2627,4
2628,0
2629,0
2630,4
2631,4
2632,0
2633,4
2634,0
2635,3
2636,0
2637,3
2638,0
2639,0
2640,0
2641,0
2642,3
2643,3
2644,0
2645,3
2646,4
2647,4
2648,4
2649,0
2650,4
2651,0
2652,4
2653,0
2654,0
2655,4
2656,3
2657,0
2658,4
2659,4
2660,0
2661,4
2662,0
2663,3
2664,0
2665,0
2666,0
2667,0
2668,0
2669,0
2670,0
2671,0
2672,0
2673,3
2674,0
2675,4
2676,4
2677,0
2678,4
2679,3
2680,4
2681,4
2682,4
2683,0
2684,0
2685,3
2686,4
2687,0
2688,0
2689,0
2690,4
2691,4
2692,0
2693,3
2694,4
2695,3
2696,4
2697,0
2698,0
2699,4
2700,4
2701,0
2702,0
2703,0
2704,4
2705,4
2706,0
2707,0
2708,3
2709,4
2710,3
2711,3
2712,4
2713,0
2714,0
2715,4
2716,0
2717,0
2718,0
2719,0
2720,0
2721,3
2722,0
2723,4
2724,4
2725,4
2726,0
2727,0
2728,4
2729,4
2730,0
2731,0
2732,4
2733,4
2734,2
2735,0
2736,3
2737,0
2738,0
2739,2
2740,0
2741,2
2742,4
2743,4
2744,4
2745,0
2746,3
2747,0
2748,3
2749,0
2750,3
2751,0
2752,0
2753,0
2754,3
2755,4
2756,4
2757,0
2758,4
2759,4
2760,4
2761,4
2762,0
2763,0
2764,0
2765,4
2766,3
2767,0
2768,0
2769,4
2770,3
2771,0
2772,4
2773,0
2774,4
2775,4
2776,0
2777,4
2778,0
2779,4
2780,3
2781,3
2782,0
2783,0
2784,0
2785,0
2786,0
2787,0
2788,4
2789,4
2790,4
2791,0
2792,0
2793,3
2794,3
2795,0
2796,3
2797,0
2798,3
2799,3
2800,0
2801,4
2802,0
2803,3
2804,0
2805,0
2806,4
2807,4
2808,0
2809,0
2810,3
2811,3
2812,4
2813,0
2814,0
2815,4
2816,0
2817,4
2818,0
2819,3
2820,0
2821,4
2822,0
2823,4
2824,3
2825,0
2826,4
2827,0
2828,0
2829,3
2830,0
2831,4
2832,4
2833,0
2834,0
2835,3
2836,3
2837,0
2838,4
2839,2
2840,4
2841,0
2842,0
2843,3
2844,4
2845,3
2846,0
2847,0
2848,0
2849,4
2850,0
2851,2
2852,0
2853,0
2854,0
2855,0
2856,0
2857,0
2858,0
2859,0
2860,0
2861,3
2862,4
2863,4
2864,0
2865,0
2866,4
2867,4
2868,0
2869,0
2870,3
2871,0
2872,0
2873,3
2874,0
2875,0
2876,4
2877,4
2878,4
2879,3
2880,4
2881,2
2882,0
2883,0
2884,0
2885,4
2886,0
2887,4
2888,0
2889,0
2890,0
2891,4
2892,0
2893,0
2894,0
2895,4
2896,0
2897,4
2898,3
2899,0
2900,0
2901,0
2902,0
2903,4
2904,3
2905,2
2906,0
2907,0
2908,4
2909,0
2910,4
2911,0
2912,0
2913,0
2914,0
2915,3
2916,3
2917,2
2918,4
2919,4
2920,3
2921,0
2922,3
2923,3
2924,3
2925,0
2926,4
2927,3
2928,0
2929,3
2930,0
2931,4
2932,0
2933,3
2934,3
2935,3
2936,3
2937,3
2938,4
2939,3
2940,0
2941,0
2942,4
2943,0
2944,4
2945,0
2946,3
2947,0
2948,0
2949,4
2950,0
2951,4
2952,0
2953,4
2954,3
2955,0
2956,3
2957,0
2958,0
2959,4
2960,3
2961,4
2962,3
2963,0
2964,4
2965,4
2966,0
2967,4
2968,3
2969,0
2970,0
2971,4
2972,3
2973,0
2974,4
2975,3
2976,0
2977,0
2978,0
2979,4
2980,0
2981,0
2982,0
2983,4
2984,3
2985,0
2986,3
2987,3
2988,4
2989,0
2990,4
2991,0
2992,0
2993,0
2994,0
2995,4
2996,4
2997,0
2998,3
2999,0
3000,3
3001,0
3002,3
3003,0
3004,0
3005,0
3006,4
3007,0
3008,3
3009,4
3010,0
3011,0
3012,3
3013,3
3014,4
3015,0
3016,4
3017,0
3018,0
3019,0
3020,3
3021,0
3022,0
3023,0
3024,0
3025,0
3026,4
3027,3
3028,3
3029,4
3030,4
3031,0
3032,0
3033,0
3034,4
3035,3
3036,4
3037,3
3038,4
3039,3
3040,4
3041,0
3042,0
3043,0
3044,0
3045,0
3046,4
3047,4
3048,4
3049,4
3050,3
3051,3
3052,3
3053,0
3054,0
3055,3
3056,3
3057,0
3058,0
3059,4
3060,4
3061,4
3062,0
3063,3
3064,0
3065,0
3066,0
3067,3
3068,4
3069,4
3070,4
3071,4
3072,0
3073,0
3074,4
3075,0
3076,0
3077,0
3078,0
3079,3
3080,0
3081,3
3082,4
3083,0
3084,0
3085,4
3086,3
3087,4
3088,4
3089,4
3090,0
3091,0
3092,3
3093,0
3094,0
3095,0
3096,4
3097,0
3098,4
3099,0
3100,4
3101,4
3102,0
3103,4
3104,3
3105,0
3106,3
3107,0
3108,0
3109,3
3110,4
3111,4
3112,2
3113,3
3114,2
3115,3
3116,4
3117,3
3118,4
3119,4
3120,0
3121,0
3122,4
3123,0
3124,4
3125,4
3126,4
3127,3
3128,4
3129,3
3130,0
3131,0
3132,0
3133,0
3134,0
3135,4
3136,4
3137,0
3138,3
3139,0
3140,0
3141,0
3142,0
3143,0
3144,4
3145,4
3146,4
3147,4
3148,4
3149,4
3150,0
3151,4
3152,4
3153,0
3154,3
3155,4
3156,4
3157,0
3158,0
3159,3
3160,4
3161,0
3162,3
3163,4
3164,0
3165,4
3166,3
3167,4
3168,0
3169,0
3170,4
3171,0
3172,0
3173,0
3174,4
3175,0
3176,0
3177,4
3178,4
3179,4
3180,3
3181,0
3182,4
3183,0
3184,0
3185,2
3186,4
3187,0
3188,3
3189,3
3190,4
3191,0
3192,4
3193,0
3194,0
3195,0
3196,3
3197,4
3198,0
3199,0
3200,3
3201,3
3202,3
3203,0
3204,0
3205,0
3206,0
3207,3
3208,3
3209,3
3210,4
3211,2
3212,3
3213,4
3214,0
3215,3
3216,0
3217,0
3218,3
3219,4
3220,4
3221,3
3222,4
3223,0
3224,0
3225,0
3226,4
3227,4
3228,0
3229,4
3230,0
3231,0
3232,0
3233,3
3234,4
3235,0
3236,0
3237,0
3238,3
3239,3
3240,3
3241,0
3242,3
3243,4
3244,0
3245,4
3246,3
3247,4
3248,0
3249,4
3250,0
3251,0
3252,4
3253,3
3254,4
3255,0
3256,4
3257,3
3258,0
3259,0
3260,3
3261,4
3262,0
3263,3
3264,0
3265,3
3266,0
3267,0
3268,3
3269,0
3270,4
3271,0
3272,4
3273,0
3274,3
3275,3
3276,3
3277,0
3278,0
3279,0
3280,4
3281,3
3282,0
3283,4
3284,0
3285,4
3286,0
3287,3
3288,0
3289,0
3290,0
3291,0
3292,0
3293,0
3294,4
3295,0
3296,0
3297,4
3298,0
3299,0
3300,4
3301,4
3302,0
3303,4
3304,0
3305,0
3306,0
3307,4
3308,4
3309,3
3310,4
3311,0
3312,4
3313,3
3314,3
3315,4
3316,0
3317,4
3318,4
3319,0
3320,3
3321,0
3322,0
3323,3
3324,0
3325,3
3326,0
3327,0
3328,0
3329,4
3330,4
3331,0
3332,3
3333,0
3334,4
3335,0
3336,0
3337,4
3338,3
3339,4
3340,0
3341,3
3342,4
3343,4
3344,3
3345,0
3346,4
3347,3
3348,0
3349,0
3350,4
3351,0
3352,0
3353,4
3354,0
3355,4
3356,4
3357,0
3358,4
3359,0
3360,4
3361,4
3362,0
3363,4
3364,0
3365,0
3366,0
3367,0
3368,2
3369,0
3370,0
3371,0
3372,0
3373,3
3374,4
3375,4
3376,4
3377,0
3378,0
3379,0
3380,4
3381,0
3382,0
3383,4
3384,0
3385,0
3386,0
3387,4
3388,4
3389,4
3390,3
3391,4
3392,2
3393,0
3394,4
3395,0
3396,4
3397,0
3398,0
3399,4
3400,3
3401,0
3402,0
3403,3
3404,4
3405,0
3406,3
3407,4
3408,3
3409,0
3410,4
3411,4
3412,3
3413,0
3414,0
3415,3
3416,0
3417,4
3418,4
3419,4
3420,4
3421,0
3422,4
3423,3
3424,4
3425,3
3426,4
3427,4
3428,0
3429,4
3430,3
3431,0
3432,0
3433,0
3434,0
3435,4
3436,0
3437,3
3438,3
3439,0
3440,0
3441,4
3442,4
3443,3
3444,0
3445,3
3446,3
3447,4
3448,4
3449,4
3450,0
3451,0
3452,0
3453,0
3454,4
3455,0
3456,0
3457,0
3458,0
3459,0
3460,3
3461,0
3462,0
3463,0
3464,4
3465,3
3466,3
3467,3
3468,0
3469,0
3470,3
3471,0
3472,0
3473,4
3474,0
3475,3
3476,4
3477,4
3478,3
3479,0
3480,0
3481,3
3482,0
3483,0
3484,3
3485,0
3486,0
3487,0
3488,0
3489,3
3490,0
3491,0
3492,0
3493,0
3494,0
3495,0
3496,0
3497,3
3498,4
3499,3
3500,4
3501,4
3502,4
3503,3
3504,0
3505,4
3506,3
3507,0
3508,4
3509,0
3510,2
3511,2
3512,4
3513,0
3514,0
3515,0
3516,0
3517,0
3518,0
3519,4
3520,4
3521,2
3522,4
3523,0
3524,0
3525,4
3526,0
3527,0
3528,3
3529,3
3530,4
3531,4
3532,0
3533,0
3534,0
3535,0
3536,4
3537,0
3538,4
3539,4
3540,4
3541,4
3542,0
3543,4
3544,4
3545,0
3546,2
3547,0
3548,3
3549,4
3550,0
3551,0
3552,4
3553,0
3554,0
3555,4
3556,0
3557,4
3558,3
3559,0
3560,3
3561,0
3562,4
3563,0
3564,0
3565,3
3566,0
3567,3
3568,0
3569,4
3570,4
3571,0
3572,0
3573,4
3574,0
3575,4
3576,0
3577,3
3578,0
3579,0
3580,3
3581,0
3582,4
3583,4
3584,3
3585,0
3586,0
3587,0
3588,3
3589,0
3590,0
3591,3
3592,0
3593,0
3594,0
3595,0
3596,4
3597,0
3598,3
3599,0
3600,4
3601,3
3602,0
3603,3
3604,0
3605,3
3606,4
3607,0
3608,3
3609,3
3610,0
3611,3
3612,4
3613,0
3614,3
3615,4
3616,3
3617,0
3618,4
3619,3
3620,0
3621,0
3622,3
3623,0
3624,4
3625,0
3626,4
3627,4
3628,4
3629,4
3630,4
3631,3
3632,4
3633,3
3634,0
3635,4
3636,0
3637,0
3638,4
3639,0
3640,4
3641,3
3642,2
3643,4
3644,0
3645,0
3646,4
3647,4
3648,0
3649,0
3650,0
3651,0
3652,3
3653,4
3654,4
3655,4
3656,0
3657,2
3658,4
3659,4
3660,0
3661,0
3662,3
3663,0
3664,0
3665,0
3666,0
3667,4
3668,0
3669,3
3670,0
3671,3
3672,4
3673,3
3674,4
3675,0
3676,4
3677,4
3678,4
3679,4
3680,0
3681,4
3682,0
3683,0
3684,0
3685,4
3686,3
3687,4
3688,0
3689,2
3690,4
3691,3
3692,4
3693,0
3694,4
3695,3
3696,4
3697,0
3698,4
3699,0
3700,4
3701,4
3702,0
3703,4
3704,0
3705,4
3706,0
3707,4
3708,0
3709,0
3710,0
3711,0
3712,4
3713,0
3714,4
3715,0
3716,0
3717,3
3718,0
3719,0
3720,0
3721,4
3722,3
3723,3
3724,0
3725,4
3726,4
3727,0
3728,3
3729,0
3730,4
3731,3
3732,0
3733,4
3734,3
3735,3
3736,3
3737,4
3738,0
3739,0
3740,3
3741,4
3742,0
3743,4
3744,3
3745,0
3746,3
3747,4
3748,0
3749,0
3750,3
3751,4
3752,3
3753,4
3754,0
3755,3
3756,0
3757,4
3758,4
3759,0
3760,4
3761,0
3762,3
3763,4
3764,0
3765,4
3766,0
3767,4
3768,4
3769,2
3770,0
3771,0
3772,0
3773,0
3774,0
3775,0
3776,0
3777,4
3778,4
3779,0
3780,0
3781,4
3782,4
3783,4
3784,0
3785,3
3786,3
3787,0
3788,0
3789,0
3790,4
3791,3
3792,3
3793,4
3794,0
3795,4
3796,0
3797,0
3798,0
3799,4
3800,3
3801,3
3802,4
3803,4
3804,4
3805,0
3806,0
3807,0
3808,4
3809,3
3810,4
3811,3
3812,3
3813,4
3814,4
3815,4
3816,0
3817,0
3818,3
3819,4
3820,3
3821,0
3822,3
3823,3
3824,0
3825,0
3826,0
3827,4
3828,0
3829,3
3830,0
3831,4
3832,0
3833,3
3834,0
3835,4
3836,0
3837,0
3838,0
3839,0
3840,4
3841,4
3842,4
3843,3
3844,0
3845,0
3846,3
3847,4
3848,0
3849,0
3850,0
3851,3
3852,0
3853,0
3854,0
3855,0
3856,0
3857,0
3858,0
3859,0
3860,4
3861,4
3862,2
3863,0
3864,4
3865,2
3866,3
3867,0
3868,4
3869,4
3870,3
3871,0
3872,4
3873,0
3874,4
3875,4
3876,4
3877,3
3878,3
3879,3
3880,0
3881,4
3882,3
3883,4
3884,4
3885,4
3886,3
3887,0
3888,0
3889,0
3890,0
3891,0
3892,4
3893,4
3894,3
3895,3
3896,0
3897,0
3898,3
3899,3
3900,0
3901,0
3902,4
3903,4
3904,3
3905,4
3906,3
3907,3
3908,0
3909,0
3910,0
3911,4
3912,0
3913,4
3914,0
3915,0
3916,3
3917,0
3918,0
3919,2
3920,3
3921,4
3922,3
3923,3
3924,4
3925,0
3926,4
3927,3
3928,4
3929,3
3930,3
3931,4
3932,0
3933,0
3934,0
3935,4
3936,0
3937,0
3938,4
3939,3
3940,3
3941,0
3942,0
3943,4
3944,3
3945,0
3946,4
3947,0
3948,3
3949,3
3950,3
3951,3
3952,0
3953,4
3954,4
3955,0
3956,0
3957,3
3958,3
3959,0
3960,3
3961,0
3962,0
3963,4
3964,4
3965,0
3966,4
3967,4
3968,0
3969,0
3970,0
3971,4
3972,4
3973,0
3974,0
3975,0
3976,0
3977,0
3978,0
3979,4
3980,0
3981,4
3982,2
3983,3
3984,3
3985,0
3986,3
3987,0
3988,4
3989,2
3990,4
3991,3
3992,0
3993,0
3994,4
3995,0
3996,0
3997,3
3998,3
3999,0
4000,0
4001,0
4002,3
4003,4
4004,0
4005,4
4006,0
4007,0
4008,4
4009,0
4010,3
4011,0
4012,4
4013,0
4014,0
4015,4
4016,0
4017,0
4018,0
4019,0
4020,0
4021,0
4022,3
4023,4
4024,4
4025,4
4026,0
4027,0
4028,0
4029,4
4030,3
4031,4
4032,0
4033,0
4034,3
4035,0
4036,4
4037,0
4038,0
4039,0
4040,3
4041,0
4042,0
4043,0
4044,3
4045,0
4046,4
4047,3
4048,0
4049,4
4050,0
4051,2
4052,3
4053,0
4054,4
4055,4
4056,0
4057,0
4058,0
4059,0
4060,0
4061,0
4062,4
4063,0
4064,0
4065,0
4066,4
4067,4
4068,3
4069,4
4070,0
4071,0
4072,0
4073,4
4074,4
4075,4
4076,0
4077,4
4078,0
4079,0
4080,0
4081,0
4082,4
4083,0
4084,4
4085,0
4086,3
4087,3
4088,0
4089,3
4090,3
4091,0
4092,4
4093,0
4094,0
4095,0
4096,0
4097,3
4098,4
4099,0
4100,4
4101,0
4102,4
4103,0
4104,4
4105,4
4106,0
4107,0
4108,0
4109,4
4110,3
4111,3
4112,3
4113,0
4114,4
4115,0
4116,0
4117,4
4118,3
4119,4
4120,0
4121,0
4122,4
4123,0
4124,4
4125,4
4126,4
4127,4
4128,4
4129,3
4130,0
4131,0
4132,0
4133,0
4134,4
4135,0
4136,3
4137,0
4138,4
4139,0
4140,0
4141,3
4142,0
4143,4
4144,0
4145,0
4146,0
4147,4
4148,0
4149,4
4150,4
4151,0
4152,0
4153,2
4154,0
4155,0
4156,0
4157,4
4158,0
4159,0
4160,0
4161,4
4162,4
4163,0
4164,3
4165,0
4166,3
4167,4
4168,0
4169,4
4170,0
4171,0
4172,4
4173,3
4174,4
4175,3
4176,4
4177,0
4178,0
4179,4
4180,0
4181,4
4182,0
4183,0
4184,0
4185,4
4186,0
4187,4
4188,0
4189,0
4190,4
4191,0
4192,3
4193,3
4194,0
4195,3
4196,0
4197,3
4198,4
4199,0
4200,0
4201,3
4202,0
4203,0
4204,0
4205,0
4206,0
4207,0
4208,4
4209,0
4210,4
4211,3
4212,3
4213,4
4214,0
4215,0
4216,0
4217,4
4218,2
4219,4
4220,4
4221,4
4222,0
4223,0
4224,3
4225,4
4226,3
4227,4
4228,0
4229,0
4230,0
4231,3
4232,3
4233,0
4234,0
4235,4
4236,3
4237,0
4238,0
4239,4
4240,4
4241,4
4242,3
4243,4
4244,0
4245,3
4246,4
4247,0
4248,3
4249,4
4250,3
4251,4
4252,3
4253,4
4254,0
4255,3
4256,3
4257,0
4258,0
4259,3
4260,4
4261,0
4262,4
4263,0
4264,4
4265,0
4266,4
4267,4
4268,0
4269,4
4270,4
4271,0
4272,3
4273,0
4274,0
4275,4
4276,4
4277,0
4278,4
4279,3
4280,4
4281,4
4282,0
4283,0
4284,4
4285,0
4286,3
4287,0
4288,0
4289,3
4290,0
4291,0
4292,3
4293,4
4294,4
4295,0
4296,4
4297,3
4298,0
4299,0
4300,0
4301,0
4302,4
4303,4
4304,4
4305,4
4306,0
4307,3
4308,0
4309,0
4310,3
4311,4
4312,3
4313,0
4314,0
4315,4
4316,0
4317,4
4318,0
4319,4
4320,0
4321,0
4322,0
4323,0
4324,3
4325,3
4326,4
4327,0
4328,4
4329,4
4330,0
4331,0
4332,0
4333,0
4334,0
4335,0
4336,0
4337,0
4338,3
4339,3
4340,0
4341,0
4342,4
4343,4
4344,4
4345,0
4346,0
4347,4
4348,0
4349,4
4350,4
4351,3
4352,0
4353,0
4354,4
4355,0
4356,4
4357,0
4358,0
4359,0
4360,3
4361,3
4362,4
4363,3
4364,3
4365,0
4366,2
4367,4
4368,0
4369,0
4370,4
4371,4
4372,0
4373,0
4374,0
4375,0
4376,0
4377,0
4378,3
4379,4
4380,0
4381,3
4382,2
4383,3
4384,0
4385,0
4386,4
4387,3
4388,4
4389,0
4390,3
4391,4
4392,4
4393,0
4394,0
4395,4
4396,4
4397,0
4398,0
4399,3
4400,4
4401,3
4402,4
4403,4
4404,0
4405,4
4406,0
4407,4
4408,4
4409,4
4410,3
4411,0
4412,4
4413,4
4414,4
4415,0
4416,3
4417,3
4418,0
4419,0
4420,4
4421,3
4422,0
4423,4
4424,4
4425,3
4426,0
4427,4
4428,4
4429,4
4430,0
4431,4
4432,0
4433,0
4434,3
4435,0
4436,0
4437,0
4438,0
4439,0
4440,4
4441,4
4442,0
4443,0
4444,2
4445,4
4446,4
4447,3
4448,0
4449,4
4450,3
4451,3
4452,0
4453,0
4454,0
4455,0
4456,0
4457,3
4458,4
4459,0
4460,4
4461,2
4462,0
4463,0
4464,4
4465,0
4466,0
4467,4
4468,3
4469,4
4470,0
4471,4
4472,0
4473,0
4474,3
4475,3
4476,3
4477,0
4478,0
4479,0
4480,4
4481,4
4482,4
4483,3
4484,0
4485,4
4486,0
4487,0
4488,0
4489,0
4490,0
4491,0
4492,0
4493,0
4494,0
4495,4
4496,0
4497,0
4498,0
4499,0
4500,4
4501,0
4502,0
4503,3
4504,3
4505,0
4506,0
4507,2
4508,3
4509,0
4510,4
4511,0
4512,0
4513,0
4514,4
4515,4
4516,0
4517,3
4518,3
4519,3
4520,0
4521,0
4522,4
4523,4
4524,0
4525,4
4526,3
4527,4
4528,0
4529,0
4530,4
4531,3
4532,0
4533,0
4534,4
4535,0
4536,3
4537,3
4538,0
4539,3
4540,0
4541,3
4542,0
4543,0
4544,0
4545,3
4546,4
4547,3
4548,0
4549,0
4550,3
4551,3
4552,3
4553,4
4554,3
4555,4
4556,3
4557,0
4558,4
4559,3
4560,3
4561,3
4562,0
4563,3
4564,3
4565,3
4566,0
4567,0
4568,0
4569,0
4570,0
4571,0
4572,3
4573,0
4574,4
4575,0
4576,0
4577,0
4578,0
4579,0
4580,4
4581,3
4582,0
4583,0
4584,3
4585,4
4586,0
4587,4
4588,4
4589,4
4590,3
4591,0
4592,4
4593,0
4594,4
4595,2
4596,4
4597,0
4598,3
4599,4
4600,3
4601,0
4602,4
4603,3
4604,0
4605,0
4606,4
4607,0
4608,3
4609,0
4610,4
4611,3
4612,3
4613,4
4614,0
4615,0
4616,0
4617,0
4618,3
4619,0
4620,4
4621,4
4622,3
4623,4
4624,0
4625,4
4626,0
4627,0
4628,4
4629,3
4630,0
4631,0
4632,4
4633,0
4634,0
4635,0
4636,0
4637,0
4638,0
4639,4
4640,4
4641,4
4642,3
4643,0
4644,4
4645,0
4646,4
4647,0
4648,4
4649,3
4650,4
4651,3
4652,4
4653,0
4654,3
4655,3
4656,4
4657,0
4658,4
4659,3
4660,0
4661,0
4662,0
4663,4
4664,0
4665,0
4666,3
4667,0
4668,3
4669,0
4670,0
4671,4
4672,4
4673,4
4674,4
4675,0
4676,4
4677,0
4678,0
4679,0
4680,0
4681,0
4682,0
4683,0
4684,0
4685,0
4686,0
4687,0
4688,4
4689,0
4690,3
4691,4
4692,3
4693,0
4694,0
4695,4
4696,2
4697,0
4698,3
4699,0
4700,3
4701,4
4702,3
4703,3
4704,0
4705,4
4706,0
4707,0
4708,0
4709,3
4710,4
4711,3
4712,4
4713,4
4714,0
4715,0
4716,4
4717,0
4718,0
4719,3
4720,4
4721,0
4722,0
4723,3
4724,4
4725,3
4726,4
4727,4
4728,0
4729,3
4730,4
4731,4
4732,0
4733,0
4734,0
4735,4
4736,2
4737,0
4738,0
4739,3
4740,0
4741,0
4742,3
4743,0
4744,4
4745,0
4746,3
4747,4
4748,0
4749,0
4750,4
4751,0
4752,0
4753,0
4754,3
4755,0
4756,0
4757,0
4758,0
4759,0
4760,0
4761,0
4762,4
4763,3
4764,4
4765,0
4766,0
4767,2
4768,0
4769,0
4770,4
4771,0
4772,3
4773,3
4774,3
4775,4
4776,0
4777,4
4778,0
4779,3
4780,4
4781,0
4782,0
4783,4
4784,2
4785,3
4786,4
4787,4
4788,0
4789,0
4790,0
4791,4
4792,0
4793,4
4794,4
4795,4
4796,0
4797,3
4798,0
4799,0
4800,0
4801,3
4802,3
4803,0
4804,0
4805,0
4806,0
4807,0
4808,4
4809,0
4810,3
4811,3
4812,4
4813,4
4814,0
4815,0
4816,4
4817,0
4818,0
4819,3
4820,0
4821,0
4822,0
4823,3
4824,3
4825,3
4826,4
4827,0
4828,4
4829,0
4830,4
4831,4
4832,0
4833,4
4834,4
4835,0
4836,3
4837,4
4838,3
4839,0
4840,2
4841,0
4842,3
4843,0
4844,3
4845,4
4846,0
4847,4
4848,0
4849,0
4850,0
4851,0
4852,0
4853,0
4854,3
4855,3
4856,3
4857,0
4858,0
4859,0
4860,0
4861,0
4862,4
4863,0
4864,0
4865,3
4866,0
4867,0
4868,3
4869,0
4870,3
4871,0
4872,0
4873,0
4874,0
4875,0
4876,4
4877,4
4878,4
4879,0
4880,4
4881,4
4882,0
4883,4
4884,0
4885,4
4886,4
4887,0
4888,0
4889,0
4890,0
4891,0
4892,0
4893,0
4894,0
4895,4
4896,4
4897,0
4898,4
4899,4
4900,4
4901,0
4902,0
4903,0
4904,0
4905,0
4906,0
4907,0
4908,0
4909,3
4910,0
4911,3
4912,0
4913,0
4914,0
4915,4
4916,4
4917,0
4918,4
4919,4
4920,3
4921,0
4922,3
4923,4
4924,4
4925,0
4926,0
4927,0
4928,4
4929,4
4930,0
4931,0
4932,4
4933,3
4934,0
4935,0
4936,0
4937,4
4938,4
4939,0
4940,0
4941,4
4942,4
4943,0
4944,3
4945,3
4946,0
4947,3
4948,0
4949,0
4950,4
4951,0
4952,0
4953,0
4954,3
4955,3
4956,4
4957,4
4958,0
4959,4
4960,3
4961,4
4962,0
4963,3
4964,3
4965,4
4966,0
4967,0
4968,0
4969,0
4970,4
4971,0
4972,4
4973,0
4974,0
4975,0
4976,4
4977,0
4978,0
4979,4
4980,0
4981,0
4982,3
4983,0
4984,0
4985,4
4986,0
4987,4
4988,4
4989,0
4990,0
4991,0
4992,0
4993,3
4994,0
4995,0
4996,0
4997,0
4998,0
4999,0
5000,3
5001,4
5002,3
5003,4
5004,4
5005,0
5006,4
5007,0
5008,4
5009,3
5010,3
5011,0
5012,3
5013,4
5014,0
5015,0
5016,0
5017,0
5018,0
5019,0
5020,0
5021,0
5022,3
5023,0
5024,4
5025,0
5026,0
5027,0
5028,0
5029,0
5030,3
5031,3
5032,4
5033,0
5034,4
5035,4
5036,0
5037,3
5038,0
5039,4
5040,4
5041,0
5042,0
5043,0
5044,0
5045,4
5046,0
5047,4
5048,3
5049,3
5050,4
5051,0
5052,4
5053,0
5054,3
5055,0
5056,4
5057,0
5058,4
5059,0
5060,4
5061,0
5062,0
5063,4
5064,4
5065,0
5066,0
5067,4
5068,0
5069,3
5070,4
5071,0
5072,0
5073,0
5074,0
5075,4
5076,4
5077,3
5078,0
5079,0
5080,0
5081,0
5082,0
5083,3
5084,0
5085,3
5086,0
5087,3
5088,0
5089,3
5090,0
5091,4
5092,3
5093,0
5094,0
5095,0
5096,0
5097,3
5098,0
5099,4
5100,3
5101,0
5102,3
5103,0
5104,3
5105,0
5106,4
5107,0
5108,0
5109,0
5110,0
5111,4
5112,3
5113,3
5114,3
5115,3
5116,0
5117,4
5118,4
5119,0
5120,4
5121,4
5122,4
5123,0
5124,4
5125,0
5126,3
5127,0
5128,0
5129,0
5130,0
5131,0
5132,0
5133,0
5134,4
5135,0
5136,0
5137,0
5138,4
5139,4
5140,3
5141,3
5142,0
5143,0
5144,4
5145,0
5146,0
5147,4
5148,4
5149,4
5150,4
5151,0
5152,3
5153,2
5154,0
5155,0
5156,3
5157,0
5158,0
5159,0
5160,4
5161,0
5162,0
5163,0
5164,0
5165,3
5166,4
5167,0
5168,3
5169,0
5170,4
5171,0
5172,4
5173,0
5174,3
5175,0
5176,0
5177,3
5178,4
5179,0
5180,0
5181,0
5182,4
5183,0
5184,4
5185,0
5186,4
5187,4
5188,0
5189,0
5190,0
5191,3
5192,0
5193,4
5194,4
5195,4
5196,0
5197,4
5198,4
5199,4
5200,0
5201,4
5202,0
5203,0
5204,4
5205,4
5206,4
5207,0
5208,0
5209,0
5210,0
5211,3
5212,0
5213,4
5214,0
5215,0
5216,0
5217,0
5218,0
5219,0
5220,2
5221,0
5222,0
5223,0
5224,0
5225,0
5226,0
5227,3
5228,0
5229,4
5230,3
5231,0
5232,0
5233,0
5234,0
5235,0
5236,3
5237,3
5238,0
5239,0
5240,0
5241,0
5242,3
5243,4
5244,0
5245,0
5246,4
5247,4
5248,3
5249,3
5250,0
5251,3
5252,0
5253,0
5254,0
5255,0
5256,0
5257,0
5258,3
5259,3
5260,0
5261,0
5262,4
5263,0
5264,4
5265,0
5266,0
5267,0
5268,0
5269,3
5270,0
5271,3
5272,4
5273,0
5274,4
5275,4
5276,3
5277,0
5278,0
5279,4
5280,0
5281,0
5282,0
5283,0
5284,4
5285,2
5286,0
5287,0
5288,0
5289,3
5290,4
5291,4
5292,4
5293,4
5294,0
5295,0
5296,0
5297,0
5298,4
5299,4
5300,4
5301,0
5302,0
5303,4
5304,2
5305,0
5306,3
5307,0
5308,4
5309,0
5310,4
5311,0
5312,4
5313,4
5314,0
5315,0
5316,0
5317,0
5318,0
5319,0
5320,0
5321,0
5322,3
5323,0
5324,3
5325,0
5326,4
5327,2
5328,0
5329,4
5330,0
5331,4
5332,4
5333,0
5334,4
5335,0
5336,0
5337,3
5338,3
5339,0
5340,0
5341,3
5342,4
5343,0
5344,0
5345,3
5346,0
5347,0
5348,3
5349,0
5350,4
5351,3
5352,4
5353,4
5354,4
5355,3
5356,0
5357,3
5358,4
5359,3
5360,3
5361,0
5362,0
5363,0
5364,0
5365,4
5366,4
5367,0
5368,0
5369,4
5370,3
5371,2
5372,4
5373,0
5374,4
5375,0
5376,4
5377,4
5378,0
5379,3
5380,0
5381,0
5382,3
5383,0
5384,3
5385,0
5386,4
5387,4
5388,3
5389,3
5390,4
5391,3
5392,0
5393,3
5394,4
5395,4
5396,0
5397,0
5398,4
5399,0
5400,0
5401,4
5402,0
5403,4
5404,0
5405,0
5406,0
5407,4
5408,3
5409,0
5410,0
5411,4
5412,0
5413,0
5414,3
5415,0
5416,3
5417,0
5418,4
5419,3
5420,0
5421,4
5422,4
5423,3
5424,0
5425,4
5426,4
5427,0
5428,0
5429,0
5430,3
5431,0
5432,0
5433,0
5434,0
5435,3
5436,4
5437,4
5438,3
5439,0
5440,0
5441,0
5442,4
5443,4
5444,3
5445,4
5446,0
5447,0
5448,4
5449,0
5450,0
5451,0
5452,4
5453,0
5454,4
5455,3
5456,0
5457,0
5458,0
5459,3
5460,3
5461,3
5462,0
5463,4
5464,0
5465,4
5466,4
5467,3
5468,0
5469,0
5470,4
5471,3
5472,0
5473,3
5474,3
5475,4
5476,4
5477,4
5478,3
5479,4
5480,4
5481,4
5482,0
5483,3
5484,0
5485,0
5486,0
5487,4
5488,0
5489,0
5490,0
5491,0
5492,3
5493,0
5494,4
5495,3
5496,0
5497,3
5498,0
5499,0
5500,0
5501,4
5502,2
5503,3
5504,0
5505,0
5506,0
5507,0
5508,4
5509,4
5510,0
5511,0
5512,0
5513,3
5514,4
5515,0
5516,0
5517,0
5518,4
5519,0
5520,0
5521,0
5522,3
5523,3
5524,0
5525,4
5526,0
5527,3
5528,0
5529,3
5530,4
5531,0
5532,0
5533,0
5534,3
5535,0
5536,4
5537,4
5538,0
5539,0
5540,4
5541,3
5542,4
5543,0
5544,3
5545,0
5546,3
5547,0
5548,0
5549,4
5550,0
5551,4
5552,0
5553,4
5554,0
5555,0
5556,0
5557,0
5558,4
5559,0
5560,0
5561,4
5562,0
5563,0
5564,0
5565,0
5566,0
5567,4
5568,0
5569,0
5570,4
5571,0
5572,0
5573,3
5574,4
5575,4
5576,3
5577,3
5578,0
5579,0
5580,0
5581,3
5582,3
5583,4
5584,0
5585,4
5586,4
5587,0
5588,3
5589,0
5590,4
5591,3
5592,4
5593,0
5594,3
5595,0
5596,3
5597,4
5598,0
5599,0
5600,3
5601,4
5602,0
5603,0
5604,4
5605,0
5606,0
5607,0
5608,3
5609,0
5610,0
5611,4
5612,4
5613,0
5614,0
5615,0
5616,0
5617,4
5618,0
5619,4
5620,3
5621,0
5622,0
5623,4
5624,0
5625,3
5626,3
5627,0
5628,3
5629,0
5630,3
5631,4
5632,4
5633,3
5634,0
5635,4
5636,4
5637,0
5638,4
5639,0
5640,4
5641,3
5642,4
5643,0
5644,4
5645,4
5646,3
5647,0
5648,0
5649,4
5650,4
5651,4
5652,4
5653,0
5654,4
5655,4
5656,3
5657,3
5658,0
5659,4
5660,0
5661,0
5662,3
5663,4
5664,0
5665,0
5666,2
5667,4
5668,0
5669,0
5670,4
5671,0
5672,0
5673,0
5674,3
5675,4
5676,3
5677,0
5678,0
5679,4
5680,0
5681,3
5682,0
5683,0
5684,0
5685,0
5686,4
5687,0
5688,3
5689,0
5690,0
5691,0
5692,4
5693,3
5694,4
5695,0
5696,4
5697,4
5698,0
5699,4
5700,0
5701,0
5702,0
5703,0
5704,3
5705,0
5706,0
5707,0
5708,3
5709,3
5710,3
5711,3
5712,0
5713,0
5714,0
5715,0
5716,0
5717,0
5718,0
5719,4
5720,4
5721,0
5722,4
5723,0
5724,3
5725,0
5726,3
5727,3
5728,0
5729,0
5730,4
5731,4
5732,0
5733,3
5734,0
5735,0
5736,0
5737,0
5738,0
5739,4
5740,0
5741,3
5742,3
5743,0
5744,0
5745,4
5746,3
5747,4
5748,0
5749,0
5750,0
5751,3
5752,4
5753,0
5754,3
5755,0
5756,4
5757,0
5758,3
5759,0
5760,4
5761,4
5762,3
5763,3
5764,0
5765,0
5766,4
5767,4
5768,0
5769,3
5770,4
5771,0
5772,4
5773,4
5774,0
5775,3
5776,3
5777,0
5778,4
5779,0
5780,0
5781,0
5782,0
5783,4
5784,4
5785,0
5786,0
5787,3
5788,0
5789,4
5790,0
5791,4
5792,0
5793,0
5794,4
5795,0
5796,4
5797,0
5798,0
5799,4
5800,4
5801,0
5802,0
5803,0
5804,0
5805,0
5806,3
5807,3
5808,0
5809,2
5810,3
5811,0
5812,2
5813,0
5814,4
5815,4
5816,0
5817,0
5818,0
5819,3
5820,0
5821,4
5822,4
5823,4
5824,0
5825,3
5826,0
5827,0
5828,3
5829,3
5830,4
5831,0
5832,4
5833,3
5834,3
5835,4
5836,0
5837,3
5838,0
5839,0
5840,3
5841,0
5842,3
5843,0
5844,0
5845,0
5846,0
5847,0
5848,0
5849,4
5850,3
5851,3
5852,0
5853,4
5854,0
5855,3
5856,0
5857,0
5858,4
5859,0
5860,0
5861,0
5862,4
5863,4
5864,3
5865,0
5866,0
5867,4
5868,4
5869,3
5870,3
5871,0
5872,4
5873,3
5874,0
5875,0
5876,0
5877,3
5878,4
5879,4
5880,0
5881,4
5882,3
5883,0
5884,0
5885,0
5886,3
5887,0
5888,0
5889,0
5890,3
5891,0
5892,0
5893,4
5894,3
5895,3
5896,4
5897,0
5898,0
5899,0
5900,4
5901,0
5902,4
5903,0
5904,4
5905,0
5906,0
5907,3
5908,3
5909,3
5910,0
5911,4
5912,4
5913,3
5914,3
5915,4
5916,0
5917,0
5918,0
5919,0
5920,4
5921,0
5922,4
5923,4
5924,2
5925,0
5926,0
5927,0
5928,0
5929,3
5930,0
5931,3
5932,0
5933,0
5934,0
5935,4
5936,0
5937,0
5938,0
5939,3
5940,0
5941,0
5942,0
5943,0
5944,3
5945,4
5946,0
5947,0
5948,4
5949,0
5950,3
5951,4
5952,0
5953,3
5954,4
5955,0
5956,0
5957,4
5958,4
5959,4
5960,4
5961,0
5962,3
5963,0
5964,2
5965,0
5966,3
5967,4
5968,4
5969,0
5970,0
5971,3
5972,0
5973,0
5974,0
5975,4
5976,0
5977,4
5978,0
5979,0
5980,4
5981,0
5982,0
5983,0
5984,0
5985,2
5986,0
5987,3
5988,0
5989,0
5990,4
5991,3
5992,0
5993,4
5994,4
5995,0
5996,3
5997,0
5998,3
5999,4
6000,4
6001,4
6002,0
6003,3
6004,4
6005,4
6006,0
6007,0
6008,4
6009,0
6010,0
6011,4
6012,0
6013,0
6014,4
6015,4
6016,4
6017,0
6018,0
6019,4
6020,0
6021,0
6022,4
6023,0
6024,4
6025,0
6026,0
6027,0
6028,0
6029,4
6030,3
6031,4
6032,0
6033,0
6034,4
6035,0
6036,3
6037,3
6038,4
6039,3
6040,0
6041,0
6042,4
6043,4
6044,0
6045,0
6046,0
6047,0
6048,2
6049,0
6050,0
6051,0
6052,0
6053,3
6054,4
6055,0
6056,0
6057,4
6058,3
6059,4
6060,4
6061,0
6062,0
6063,3
6064,3
6065,0
6066,0
6067,0
6068,0
6069,0
6070,0
6071,3
6072,4
6073,4
6074,0
6075,0
6076,0
6077,0
6078,0
6079,0
6080,0
6081,0
6082,4
6083,4
6084,0
6085,0
6086,0
6087,4
6088,4
6089,4
6090,3
6091,4
6092,3
6093,4
6094,3
6095,4
6096,0
6097,3
6098,0
6099,4
6100,0
6101,0
6102,4
6103,0
6104,0
6105,3
6106,4
6107,0
6108,0
6109,3
6110,0
6111,4
6112,3
6113,0
6114,0
6115,0
6116,4
6117,3
6118,0
6119,4
6120,4
6121,0
6122,3
6123,4
6124,0
6125,0
6126,4
6127,4
6128,0
6129,3
6130,0
6131,4
6132,0
6133,3
6134,4
6135,0
6136,3
6137,4
6138,0
6139,3
6140,3
6141,0
6142,0
6143,4
6144,0
6145,0
6146,3
6147,0
6148,3
6149,0
6150,0
6151,0
6152,4
6153,0
6154,3
6155,3
6156,0
6157,0
6158,0
6159,0
6160,3
6161,0
6162,0
6163,3
6164,0
6165,0
6166,3
6167,4
6168,3
6169,0
6170,4
6171,0
6172,3
6173,3
6174,0
6175,0
6176,0
6177,0
6178,4
6179,3
6180,4
6181,4
6182,0
6183,3
6184,0
6185,0
6186,3
6187,0
6188,0
6189,4
6190,3
6191,4
6192,3
6193,0
6194,0
6195,0
6196,2
6197,4
6198,4
6199,4
6200,2
6201,3
6202,4
6203,2
6204,0
6205,4
6206,0
6207,0
6208,0
6209,0
6210,0
6211,0
6212,4
6213,4
6214,3
6215,0
6216,0
6217,4
6218,4
6219,4
6220,4
6221,4
6222,3
6223,4
6224,0
6225,0
6226,4
6227,4
6228,0
6229,3
6230,4
6231,0
6232,0
6233,4
6234,0
6235,4
6236,0
6237,4
6238,3
6239,4
6240,0
6241,3
6242,4
6243,3
6244,4
6245,0
6246,0
6247,0
6248,3
6249,0
6250,0
6251,0
6252,3
6253,4
6254,4
6255,0
6256,0
6257,0
6258,0
6259,4
6260,4
6261,4
6262,0
6263,0
6264,0
6265,0
6266,0
6267,4
6268,0
6269,0
6270,4
6271,3
6272,3
6273,4
6274,4
6275,2
6276,0
6277,0
6278,0
6279,4
6280,4
6281,0
6282,0
6283,0
6284,0
6285,0
6286,0
6287,0
6288,0
6289,4
6290,3
6291,0
6292,0
6293,4
6294,0
6295,4
6296,3
6297,0
6298,0
6299,3
6300,4
6301,3
6302,0
6303,0
6304,0
6305,0
6306,0
6307,3
6308,0
6309,0
6310,0
6311,3
6312,0
6313,0
6314,0
6315,4
6316,0
6317,3
6318,0
6319,3
6320,0
6321,2
6322,3
6323,0
6324,4
6325,4
6326,0
6327,0
6328,4
6329,0
6330,3
6331,0
6332,2
6333,3
6334,4
6335,3
6336,0
6337,4
6338,0
6339,0
6340,0
6341,4
6342,0
6343,3
6344,4
6345,4
6346,0
6347,0
6348,4
6349,3
6350,3
6351,0
6352,3
6353,0
6354,3
6355,4
6356,0
6357,4
6358,4
6359,2
6360,0
6361,4
6362,3
6363,4
6364,4
6365,0
6366,3
6367,0
6368,3
6369,4
6370,3
6371,4
6372,0
6373,0
6374,0
6375,2
6376,0
6377,0
6378,0
6379,0
6380,0
6381,4
6382,3
6383,4
6384,0
6385,0
6386,0
6387,0
6388,4
6389,0
6390,2
6391,0
6392,4
6393,3
6394,0
6395,0
6396,0
6397,0
6398,3
6399,0
6400,0
6401,0
6402,0
6403,0
6404,3
6405,0
6406,3
6407,0
6408,0
6409,4
6410,4
6411,0
6412,4
6413,4
6414,0
6415,4
6416,0
6417,0
6418,0
6419,0
6420,0
6421,0
6422,3
6423,4
6424,3
6425,0
6426,4
6427,0
6428,0
6429,0
6430,4
6431,4
6432,3
6433,0
6434,0
6435,0
6436,4
6437,4
6438,4
6439,4
6440,0
6441,4
6442,4
6443,4
6444,0
6445,4
6446,4
6447,3
6448,0
6449,0
6450,0
6451,0
6452,0
6453,3
6454,0
6455,3
6456,0
6457,3
6458,0
6459,3
6460,4
6461,0
6462,0
6463,0
6464,3
6465,3
6466,0
6467,3
6468,3
6469,0
6470,4
6471,0
6472,0
6473,0
6474,3
6475,0
6476,4
6477,0
6478,3
6479,0
6480,0
6481,0
6482,4
6483,3
6484,0
6485,0
6486,0
6487,2
6488,4
6489,0
6490,3
6491,3
6492,4
6493,3
6494,4
6495,0
6496,2
6497,0
6498,0
6499,0
6500,0
6501,4
6502,4
6503,4
6504,3
6505,0
6506,3
6507,3
6508,3
6509,4
6510,4
6511,0
6512,0
6513,0
6514,3
6515,0
6516,0
6517,4
6518,3
6519,0
6520,4
6521,4
6522,0
6523,4
6524,3
6525,0
6526,0
6527,0
6528,0
6529,0
6530,0
6531,0
6532,0
6533,3
6534,3
6535,2
6536,0
6537,4
6538,0
6539,4
6540,0
6541,0
6542,3
6543,0
6544,0
6545,3
6546,3
6547,0
6548,4
6549,3
6550,0
6551,4
6552,3
6553,4
6554,0
6555,0
6556,0
6557,4
6558,3
6559,4
6560,0
6561,4
6562,2
6563,4
6564,0
6565,0
6566,0
6567,2
6568,0
6569,4
6570,0
6571,4
6572,0
6573,4
6574,3
6575,3
6576,0
6577,4
6578,0
6579,0
6580,0
6581,4
6582,4
6583,0
6584,3
6585,0
6586,4
6587,3
6588,4
6589,4
6590,0
6591,4
6592,0
6593,3
6594,3
6595,0
6596,3
6597,3
6598,0
6599,0
6600,4
6601,3
6602,3
6603,4
6604,0
6605,4
6606,0
6607,0
6608,0
6609,4
6610,0
6611,3
6612,0
6613,4
6614,0
6615,0
6616,0
6617,4
6618,0
6619,4
6620,0
6621,0
6622,0
6623,0
6624,0
6625,0
6626,0
6627,4
6628,0
6629,4
6630,4
6631,0
6632,0
6633,3
6634,0
6635,3
6636,2
6637,4
6638,4
6639,4
6640,4
6641,4
6642,4
6643,0
6644,4
6645,0
6646,3
6647,0
6648,4
6649,0
6650,4
6651,0
6652,0
6653,0
6654,0
6655,0
6656,0
6657,0
6658,0
6659,4
6660,4
6661,3
6662,3
6663,0
6664,4
6665,0
6666,0
6667,4
6668,0
6669,0
6670,4
6671,0
6672,4
6673,0
6674,0
6675,3
6676,3
6677,0
6678,0
6679,4
6680,0
6681,0
6682,0
6683,4
6684,0
6685,3
6686,3
6687,4
6688,3
6689,0
6690,3
6691,0
6692,0
6693,0
6694,4
6695,3
6696,3
6697,4
6698,4
6699,3
6700,4
6701,0
6702,3
6703,0
6704,3
6705,4
6706,4
6707,0
6708,0
6709,0
6710,0
6711,0
6712,0
6713,0
6714,0
6715,0
6716,0
6717,4
6718,0
6719,0
6720,0
6721,0
6722,0
6723,0
6724,4
6725,4
6726,0
6727,4
6728,3
6729,4
6730,4
6731,0
6732,3
6733,3
6734,3
6735,0
6736,0
6737,4
6738,0
6739,3
6740,0
6741,3
6742,0
6743,0
6744,4
6745,3
6746,4
6747,4
6748,0
6749,3
6750,3
6751,4
6752,0
6753,0
6754,0
6755,0
6756,4
6757,2
6758,0
6759,4
6760,0
6761,0
6762,0
6763,0
6764,4
6765,0
6766,3
6767,0
6768,3
6769,0
6770,4
6771,4
6772,3
6773,4
6774,3
6775,0
6776,0
6777,0
6778,0
6779,0
6780,0
6781,3
6782,4
6783,3
6784,0
6785,0
6786,4
6787,0
6788,4
6789,3
6790,3
6791,0
6792,0
6793,4
6794,4
6795,4
6796,0
6797,0
6798,0
6799,0
6800,3
6801,4
6802,3
6803,3
6804,0
6805,4
6806,4
6807,3
6808,0
6809,4
6810,0
6811,0
6812,3
6813,0
6814,4
6815,3
6816,4
6817,0
6818,0
6819,4
6820,4
6821,0
6822,0
6823,0
6824,4
6825,0
6826,0
6827,4
6828,4
6829,3
6830,3
6831,0
6832,4
6833,4
6834,4
6835,3
6836,4
6837,4
6838,0
6839,0
6840,4
6841,4
6842,4
6843,0
6844,0
6845,4
6846,3
6847,0
6848,0
6849,3
6850,4
6851,4
6852,4
6853,0
6854,4
6855,4
6856,0
6857,4
6858,3
6859,0
6860,0
6861,0
6862,2
6863,0
6864,0
6865,4
6866,4
6867,4
6868,4
6869,0
6870,0
6871,4
6872,0
6873,0
6874,0
6875,0
6876,3
6877,3
6878,0
6879,3
6880,4
6881,4
6882,0
6883,4
6884,0
6885,4
6886,4
6887,4
6888,0
6889,0
6890,3
6891,4
6892,0
6893,0
6894,3
6895,0
6896,0
6897,3
6898,3
6899,0
6900,3
6901,0
6902,0
6903,0
6904,4
6905,3
6906,3
6907,4
6908,0
6909,0
6910,0
6911,3
6912,4
6913,0
6914,4
6915,4
6916,3
6917,0
6918,3
6919,0
6920,4
6921,4
6922,4
6923,0
6924,4
6925,0
6926,0
6927,4
6928,0
6929,3
6930,0
6931,0
6932,3
6933,4
6934,0
6935,0
6936,0
6937,0
6938,0
6939,0
6940,4
6941,3
6942,0
6943,0
6944,4
6945,0
6946,0
6947,4
6948,3
6949,0
6950,0
6951,4
6952,0
6953,0
6954,0
6955,0
6956,4
6957,0
6958,0
6959,0
6960,0
6961,4
6962,4
6963,4
6964,0
6965,4
6966,0
6967,3
6968,0
6969,4
6970,4
6971,3
6972,3
6973,4
6974,3
6975,2
6976,0
6977,0
6978,4
6979,4
6980,0
6981,0
6982,0
6983,0
6984,0
6985,2
6986,3
6987,0
6988,0
6989,0
6990,0
6991,4
6992,3
6993,0
6994,0
6995,3
6996,0
6997,4
6998,4
6999,3
7000,0
7001,0
7002,0
7003,3
7004,4
7005,0
7006,4
7007,4
7008,4
7009,0
7010,0
7011,0
7012,4
7013,0
7014,0
7015,3
7016,4
7017,0
7018,0
7019,4
7020,4
7021,4
7022,4
7023,4
7024,4
7025,2
7026,3
7027,4
7028,0
7029,3
7030,4
7031,0
7032,0
7033,4
7034,0
7035,0
7036,4
7037,0
7038,3
7039,0
7040,4
7041,3
7042,3
7043,0
7044,0
7045,0
7046,0
7047,0
7048,0
7049,0
7050,4
7051,2
7052,4
7053,0
7054,3
7055,3
7056,4
7057,4
7058,3
7059,3
7060,4
7061,4
7062,0
7063,0
7064,4
7065,3
7066,0
7067,0
7068,0
7069,3
7070,0
7071,0
7072,0
7073,4
7074,0
7075,4
7076,0
7077,0
7078,0
7079,4
7080,0
7081,0
7082,0
7083,0
7084,3
7085,0
7086,0
7087,0
7088,0
7089,0
7090,0
7091,0
7092,0
7093,3
7094,3
7095,4
7096,4
7097,0
7098,0
7099,4
7100,4
7101,3
7102,4
7103,0
7104,4
7105,4
7106,0
7107,0
7108,3
7109,4
7110,3
7111,3
7112,4
7113,0
7114,3
7115,4
7116,3
7117,4
7118,4
7119,3
7120,4
7121,3
7122,0
7123,0
7124,4
7125,0
7126,0
7127,3
7128,4
7129,0
7130,4
7131,4
7132,3
7133,0
7134,0
7135,0
7136,0
7137,0
7138,3
7139,4
7140,4
7141,4
7142,0
7143,0
7144,3
7145,0
7146,0
7147,0
7148,0
7149,0
7150,0
7151,3
7152,4
7153,3
7154,0
7155,4
7156,0
7157,4
7158,0
7159,0
7160,3
7161,4
7162,0
7163,2
7164,4
7165,0
7166,0
7167,3
7168,0
7169,4
7170,3
7171,0
7172,4
7173,0
7174,0
7175,0
7176,0
7177,4
7178,4
7179,0
7180,4
7181,3
7182,4
7183,0
7184,0
7185,4
7186,0
7187,0
7188,0
7189,0
7190,3
7191,3
7192,3
7193,0
7194,0
7195,2
7196,3
7197,0
7198,0
7199,0
7200,0
7201,3
7202,3
7203,4
7204,0
7205,0
7206,0
7207,3
7208,0
7209,0
7210,0
7211,4
7212,4
7213,0
7214,4
7215,4
7216,2
7217,0
7218,4
7219,0
7220,3
7221,3
7222,4
7223,4
7224,0
7225,0
7226,0
7227,4
7228,4
7229,3
7230,4
7231,4
7232,0
7233,0
7234,3
7235,3
7236,0
7237,0
7238,4
7239,3
7240,3
7241,3
7242,0
7243,0
7244,3
7245,4
7246,0
7247,4
7248,4
7249,0
7250,4
7251,0
7252,4
7253,0
7254,4
7255,0
7256,3
7257,0
7258,4
7259,0
7260,3
7261,3
7262,0
7263,0
7264,0
7265,3
7266,4
7267,4
7268,4
7269,4
7270,3
7271,3
7272,0
7273,0
7274,0
7275,3
7276,0
7277,4
7278,4
7279,3
7280,0
7281,0
7282,3
7283,0
7284,4
7285,4
7286,0
7287,4
7288,3
7289,0
7290,4
7291,4
7292,0
7293,0
7294,3
7295,4
7296,3
7297,0
7298,3
7299,0
7300,3
7301,0
7302,0
7303,0
7304,0
7305,3
7306,0
7307,0
7308,0
7309,0
7310,0
7311,4
7312,0
7313,3
7314,0
7315,0
7316,3
7317,0
7318,3
7319,0
7320,0
7321,0
7322,4
7323,0
7324,0
7325,0
7326,0
7327,0
7328,3
7329,4
7330,3
7331,3
7332,4
7333,0
7334,0
7335,4
7336,4
7337,0
7338,0
7339,0
7340,4
7341,0
7342,3
7343,4
7344,4
7345,3
7346,4
7347,0
7348,0
7349,0
7350,0
7351,0
7352,3
7353,4
7354,0
7355,0
7356,0
7357,0
7358,0
7359,4
7360,3
7361,3
7362,3
7363,0
7364,0
7365,0
7366,0
7367,0
7368,0
7369,0
7370,4
7371,4
7372,0
7373,0
7374,3
7375,4
7376,0
7377,4
7378,3
7379,0
7380,3
7381,0
7382,0
7383,2
7384,3
7385,0
7386,0
7387,4
7388,3
7389,3
7390,3
7391,4
7392,0
7393,0
7394,0
7395,0
7396,4
7397,0
7398,0
7399,3
7400,3
7401,0
7402,4
7403,0
7404,0
7405,0
7406,0
7407,4
7408,3
7409,0
7410,4
7411,3
7412,3
7413,4
7414,0
7415,0
7416,0
7417,3
7418,3
7419,4
7420,0
7421,3
7422,4
7423,0
7424,4
7425,0
7426,0
7427,4
7428,0
7429,0
7430,0
7431,4
7432,4
7433,4
7434,4
7435,4
7436,0
7437,4
7438,4
7439,0
7440,4
7441,3
7442,3
7443,0
7444,3
7445,3
7446,3
7447,0
7448,4
7449,0
7450,0
7451,3
7452,0
7453,4
7454,0
7455,4
7456,3
7457,4
7458,0
7459,0
7460,0
7461,4
7462,0
7463,0
7464,0
7465,4
7466,4
7467,0
7468,2
7469,0
7470,4
7471,4
7472,0
7473,0
7474,4
7475,3
7476,3
7477,0
7478,3
7479,4
7480,4
7481,0
7482,4
7483,0
7484,3
7485,0
7486,0
7487,3
7488,2
7489,0
7490,0
7491,3
7492,3
7493,4
7494,0
7495,0
7496,3
7497,3
7498,4
7499,3
7500,0
7501,0
7502,0
7503,0
7504,4
7505,3
7506,0
7507,4
7508,0
7509,0
7510,4
7511,0
7512,0
7513,0
7514,0
7515,0
7516,3
7517,3
7518,0
7519,0
7520,0
7521,0
7522,4
7523,0
7524,3
7525,4
7526,0
7527,4
7528,0
7529,4
7530,0
7531,4
7532,3
7533,3
7534,3
7535,0
7536,2
7537,4
7538,3
7539,0
7540,0
7541,0
7542,0
7543,4
7544,4
7545,3
7546,3
7547,3
7548,0
7549,0
7550,0
7551,3
7552,3
7553,3
7554,0
7555,3
7556,3
7557,0
7558,4
7559,0
7560,0
7561,0
7562,3
7563,0
7564,0
7565,4
7566,3
7567,0
7568,3
7569,0
7570,0
7571,3
7572,0
7573,3
7574,4
7575,4
7576,4
7577,0
7578,4
7579,4
7580,0
7581,0
7582,4
7583,4
7584,4
7585,0
7586,0
7587,0
7588,0
7589,4
7590,4
7591,4
7592,3
7593,4
7594,0
7595,4
7596,0
7597,4
7598,3
7599,0
7600,0
7601,3
7602,0
7603,4
7604,3
7605,0
7606,4
7607,0
7608,4
7609,3
7610,4
7611,3
7612,3
7613,3
7614,0
7615,0
7616,0
7617,0
7618,4
7619,4
7620,0
7621,0
7622,4
7623,0
7624,0
7625,0
7626,0
7627,4
7628,3
7629,0
7630,3
7631,3
7632,0
7633,0
7634,0
7635,0
7636,0
7637,4
7638,3
7639,4
7640,3
7641,4
7642,0
7643,4
7644,0
7645,0
7646,4
7647,4
7648,0
7649,4
7650,0
7651,0
7652,2
7653,0
7654,3
7655,0
7656,0
7657,0
7658,0
7659,4
7660,4
7661,4
7662,0
7663,4
7664,0
7665,0
7666,0
7667,4
7668,4
7669,0
7670,4
7671,0
7672,3
7673,0
7674,0
7675,4
7676,4
7677,0
7678,4
7679,0
7680,3
7681,0
7682,0
7683,4
7684,3
7685,3
7686,3
7687,3
7688,0
7689,0
7690,3
7691,2
7692,0
7693,4
7694,0
7695,4
7696,4
7697,4
7698,0
7699,0
7700,4
7701,0
7702,3
7703,0
7704,4
7705,0
7706,0
7707,4
7708,4
7709,4
7710,4
7711,0
7712,3
7713,4
7714,0
7715,3
7716,4
7717,0
7718,4
7719,4
7720,0
7721,3
7722,0
7723,4
7724,3
7725,3
7726,2
7727,0
7728,4
7729,0
7730,0
7731,4
7732,3
7733,0
7734,3
7735,4
7736,0
7737,4
7738,4
7739,0
7740,4
7741,3
7742,0
7743,0
7744,0
7745,0
7746,4
7747,0
7748,4
7749,3
7750,3
7751,4
7752,0
7753,0
7754,3
7755,0
7756,4
7757,4
7758,4
7759,0
7760,0
7761,4
7762,4
7763,0
7764,3
7765,3
7766,0
7767,4
7768,4
7769,0
7770,3
7771,0
7772,4
7773,3
7774,0
7775,4
7776,0
7777,0
7778,0
7779,3
7780,4
7781,0
7782,0
7783,0
7784,0
7785,0
7786,0
7787,4
7788,4
7789,0
7790,0
7791,0
7792,4
7793,4
7794,3
7795,4
7796,0
7797,4
7798,4
7799,0
7800,4
7801,4
7802,4
7803,0
7804,4
7805,4
7806,0
7807,3
7808,0
7809,0
7810,0
7811,4
7812,0
7813,0
7814,3
7815,0
7816,4
7817,0
7818,0
7819,4
7820,0
7821,3
7822,4
7823,4
7824,4
7825,0
7826,4
7827,3
7828,4
7829,3
7830,3
7831,4
7832,0
7833,3
7834,4
7835,4
7836,3
7837,0
7838,0
7839,0
7840,0
7841,4
7842,4
7843,0
7844,4
7845,0
7846,4
7847,0
7848,2
7849,3
7850,4
7851,3
7852,3
7853,0
7854,0
7855,4
7856,3
7857,4
7858,3
7859,4
7860,4
7861,3
7862,0
7863,4
7864,0
7865,4
7866,0
7867,0
7868,4
7869,0
7870,4
7871,3
7872,4
7873,4
7874,4
7875,0
7876,0
7877,4
7878,4
7879,3
7880,0
7881,4
7882,4
7883,0
7884,4
7885,4
7886,0
7887,0
7888,0
7889,0
7890,0
7891,0
7892,0
7893,4
7894,4
7895,4
7896,3
7897,0
7898,0
7899,4
7900,0
7901,4
7902,4
7903,4
7904,0
7905,4
7906,0
7907,4
7908,0
7909,0
7910,0
7911,4
7912,4
7913,0
7914,0
7915,3
7916,4
7917,0
7918,3
7919,0
7920,0
7921,0
7922,0
7923,4
7924,0
7925,0
7926,3
7927,3
7928,2
7929,0
7930,3
7931,4
7932,4
7933,3
7934,0
7935,0
7936,0
7937,4
7938,3
7939,4
7940,4
7941,3
7942,0
7943,0
7944,0
7945,4
7946,0
7947,4
7948,4
7949,4
7950,4
7951,4
7952,0
7953,4
7954,0
7955,4
7956,0
7957,3
7958,0
7959,0
7960,3
7961,3
7962,3
7963,4
7964,0
7965,0
7966,4
7967,4
7968,3
7969,4
7970,0
7971,3
7972,4
7973,4
7974,3
7975,0
7976,0
7977,4
7978,4
7979,4
7980,3
7981,0
7982,3
7983,0
7984,0
7985,0
7986,3
7987,0
7988,0
7989,3
7990,4
7991,0
7992,4
7993,4
7994,4
7995,4
7996,0
7997,0
7998,4
7999,3
8000,0
8001,0
8002,4
8003,0
8004,0
8005,0
8006,4
8007,4
8008,4
8009,4
8010,0
8011,0
8012,0
8013,4
8014,0
8015,0
8016,3
8017,0
8018,4
8019,3
8020,4
8021,3
8022,3
8023,0
8024,0
8025,0
8026,4
8027,0
8028,4
8029,4
8030,0
8031,0
8032,0
8033,4
8034,4
8035,3
8036,3
8037,0
8038,3
8039,4
8040,0
8041,3
8042,0
8043,4
8044,4
8045,4
8046,0
8047,0
8048,0
8049,0
8050,4
8051,4
8052,0
8053,4
8054,0
8055,4
8056,3
8057,3
8058,0
8059,4
8060,3
8061,0
8062,0
8063,0
8064,3
8065,3
8066,0
8067,0
8068,4
8069,0
8070,0
8071,0
8072,3
8073,4
8074,3
8075,0
8076,3
8077,4
8078,0
8079,4
8080,3
8081,3
8082,3
8083,3
8084,3
8085,4
8086,4
8087,4
8088,3
8089,4
8090,3
8091,3
8092,3
8093,4
8094,0
8095,0
8096,0
8097,0
8098,0
8099,3
8100,0
8101,0
8102,3
8103,0
8104,4
8105,4
8106,4
8107,4
8108,0
8109,4
8110,3
8111,4
8112,0
8113,0
8114,4
8115,0
8116,0
8117,0
8118,0
8119,4
8120,0
8121,3
8122,4
8123,0
8124,0
8125,3
8126,4
8127,4
8128,0
8129,3
8130,0
8131,0
8132,4
8133,0
8134,0
8135,0
8136,4
8137,0
8138,3
8139,4
8140,0
8141,3
8142,4
8143,0
8144,4
8145,0
8146,3
8147,3
8148,3
8149,4
8150,0
8151,3
8152,0
8153,4
8154,4
8155,0
8156,0
8157,0
8158,3
8159,3
8160,0
8161,0
8162,0
8163,0
8164,4
8165,4
8166,0
8167,0
8168,0
8169,4
8170,2
8171,3
8172,0
8173,0
8174,3
8175,0
8176,4
8177,3
8178,4
8179,0
8180,3
8181,3
8182,0
8183,4
8184,3
8185,0
8186,0
8187,4
8188,4
8189,4
8190,0
8191,4
8192,0
8193,3
8194,0
8195,4
8196,0
8197,4
8198,0
8199,4
8200,4
8201,4
8202,4
8203,3
8204,0
8205,4
8206,4
8207,3
8208,4
8209,4
8210,0
8211,4
8212,0
8213,0
8214,3
8215,3
8216,0
8217,3
8218,0
8219,0
8220,0
8221,3
8222,0
8223,0
8224,0
8225,0
8226,3
8227,0
8228,4
8229,3
8230,0
8231,4
8232,0
8233,3
8234,0
8235,0
8236,0
8237,3
8238,0
8239,0
8240,0
8241,4
8242,3
8243,0
8244,0
8245,0
8246,0
8247,4
8248,4
8249,3
8250,4
8251,4
8252,4
8253,4
8254,4
8255,0
8256,3
8257,3
8258,0
8259,2
8260,0
8261,0
8262,0
8263,0
8264,4
8265,4
8266,0
8267,3
8268,4
8269,4
8270,0
8271,0
8272,0
8273,0
8274,4
8275,4
8276,3
8277,4
8278,4
8279,0
8280,0
8281,0
8282,0
8283,0
8284,4
8285,3
8286,0
8287,0
8288,0
8289,4
8290,0
8291,4
8292,0
8293,0
8294,4
8295,3
8296,3
8297,3
8298,0
8299,0
8300,0
8301,0
8302,0
8303,3
8304,4
8305,4
8306,0
8307,0
8308,0
8309,3
8310,4
8311,4
8312,4
8313,3
8314,0
8315,0
8316,0
8317,3
8318,0
8319,3
8320,4
8321,0
8322,0
8323,0
8324,4
8325,0
8326,4
8327,0
8328,4
8329,4
8330,0
8331,3
8332,0
8333,0
8334,0
8335,4
8336,0
8337,0
8338,4
8339,0
8340,0
8341,2
8342,4
8343,4
8344,4
8345,4
8346,4
8347,0
8348,4
8349,0
8350,3
8351,0
8352,0
8353,3
8354,3
8355,3
8356,0
8357,0
8358,0
8359,0
8360,0
8361,0
8362,0
8363,4
8364,4
8365,0
8366,4
8367,0
8368,0
8369,3
8370,0
8371,4
8372,0
8373,4
8374,3
8375,4
8376,0
8377,3
8378,0
8379,4
8380,0
8381,4
8382,0
8383,0
8384,2
8385,4
8386,0
8387,0
8388,0
8389,4
8390,0
8391,0
8392,4
8393,0
8394,0
8395,0
8396,0
8397,0
8398,3
8399,0
8400,4
8401,0
8402,0
8403,0
8404,3
8405,4
8406,4
8407,4
8408,0
8409,4
8410,3
8411,0
8412,4
8413,0
8414,4
8415,3
8416,4
8417,0
8418,3
8419,0
8420,0
8421,0
8422,4
8423,4
8424,3
8425,0
8426,0
8427,0
8428,0
8429,0
8430,3
8431,0
8432,0
8433,3
8434,0
8435,3
8436,0
8437,0
8438,3
8439,0
8440,0
8441,3
8442,0
8443,3
8444,4
8445,3
8446,2
8447,0
8448,4
8449,0
8450,0
8451,0
8452,0
8453,0
8454,0
8455,0
8456,0
8457,0
8458,0
8459,4
8460,4
8461,0
8462,3
8463,3
8464,0
8465,4
8466,4
8467,4
8468,0
8469,4
8470,4
8471,4
8472,3
8473,4
8474,0
8475,4
8476,0
8477,0
8478,3
8479,4
8480,4
8481,3
8482,3
8483,0
8484,0
8485,0
8486,4
8487,3
8488,4
8489,0
8490,4
8491,0
8492,0
8493,0
8494,0
8495,4
8496,0
8497,0
8498,3
8499,0
8500,0
8501,0
8502,3
8503,0
8504,4
8505,3
8506,0
8507,4
8508,0
8509,4
8510,4
8511,0
8512,2
8513,0
8514,3
8515,4
8516,0
8517,4
8518,4
8519,4
8520,0
8521,0
8522,0
8523,4
8524,0
8525,0
8526,3
8527,0
8528,4
8529,0
8530,0
8531,4
8532,0
8533,0
8534,4
8535,0
8536,0
8537,4
8538,4
8539,0
8540,0
8541,4
8542,0
8543,3
8544,0
8545,4
8546,0
8547,3
8548,0
8549,4
8550,0
8551,0
8552,4
8553,0
8554,3
8555,0
8556,0
8557,0
8558,0
8559,0
8560,3
8561,3
8562,4
8563,0
8564,0
8565,0
8566,0
8567,3
8568,0
8569,3
8570,0
8571,4
8572,3
8573,0
8574,0
8575,4
8576,4
8577,3
8578,0
8579,2
8580,3
8581,4
8582,3
8583,3
8584,3
8585,3
8586,0
8587,0
8588,3
8589,0
8590,0
8591,3
8592,3
8593,3
8594,2
8595,0
8596,0
8597,0
8598,0
8599,4
8600,0
8601,0
8602,3
8603,0
8604,0
8605,3
8606,4
8607,0
8608,0
8609,4
8610,3
8611,4
8612,0
8613,0
8614,4
8615,0
8616,4
8617,2
8618,3
8619,0
8620,4
8621,3
8622,4
8623,4
8624,3
8625,0
8626,0
8627,4
8628,3
8629,4
8630,4
8631,3
8632,4
8633,0
8634,4
8635,2
8636,0
8637,0
8638,4
8639,4
8640,3
8641,0
8642,3
8643,3
8644,3
8645,0
8646,0
8647,0
8648,0
8649,4
8650,4
8651,3
8652,2
8653,4
8654,0
8655,4
8656,4
8657,0
8658,0
8659,0
8660,3
8661,0
8662,4
8663,0
8664,0
8665,4
8666,4
8667,0
8668,0
8669,0
8670,0
8671,0
8672,0
8673,0
8674,0
8675,0
8676,0
8677,4
8678,0
8679,0
8680,0
8681,0
8682,4
8683,3
8684,0
8685,0
8686,4
8687,4
8688,0
8689,0
8690,4
8691,4
8692,4
8693,4
8694,3
8695,4
8696,0
8697,4
8698,0
8699,0
8700,3
8701,3
8702,0
8703,0
8704,4
8705,0
8706,4
8707,0
8708,4
8709,0
8710,4
8711,0
8712,0
8713,0
8714,0
8715,2
8716,0
8717,3
8718,0
8719,4
8720,4
8721,4
8722,0
8723,3
8724,0
8725,3
8726,4
8727,3
8728,0
8729,4
8730,0
8731,0
8732,4
8733,0
8734,0
8735,0
8736,4
8737,4
8738,0
8739,4
8740,4
8741,0
8742,0
8743,3
8744,4
8745,0
8746,4
8747,0
8748,3
8749,0
8750,3
8751,0
8752,0
8753,4
8754,4
8755,0
8756,0
8757,3
8758,4
8759,4
8760,0
8761,0
8762,0
8763,3
8764,4
8765,0
8766,0
8767,0
8768,4
8769,4
8770,0
8771,0
8772,3
8773,0
8774,0
8775,0
8776,0
8777,0
8778,0
8779,4
8780,0
8781,4
8782,0
8783,0
8784,4
8785,0
8786,3
8787,3
8788,3
8789,0
8790,4
8791,4
8792,2
8793,0
8794,4
8795,3
8796,4
8797,0
8798,4
8799,4
8800,0
8801,0
8802,4
8803,0
8804,4
8805,3
8806,0
8807,3
8808,0
8809,0
8810,0
8811,4
8812,0
8813,3
8814,3
8815,3
8816,0
8817,4
8818,0
8819,3
8820,4
8821,4
8822,0
8823,4
8824,3
8825,4
8826,4
8827,3
8828,0
8829,4
8830,3
8831,0
8832,0
8833,4
8834,4
8835,4
8836,4
8837,3
8838,0
8839,0
8840,0
8841,4
8842,4
8843,4
8844,4
8845,0
8846,4
8847,0
8848,0
8849,4
8850,4
8851,4
8852,3
8853,2
8854,0
8855,0
8856,4
8857,4
8858,0
8859,4
8860,0
8861,4
8862,4
8863,4
8864,3
8865,0
8866,3
8867,4
8868,3
8869,0
8870,0
8871,0
8872,0
8873,0
8874,0
8875,4
8876,4
8877,0
8878,0
8879,0
8880,0
8881,3
8882,0
8883,3
8884,4
8885,0
8886,4
8887,0
8888,4
8889,0
8890,3
8891,4
8892,4
8893,3
8894,4
8895,0
8896,4
8897,3
8898,3
8899,4
8900,0
8901,0
8902,0
8903,4
8904,4
8905,0
8906,4
8907,3
8908,0
8909,0
8910,4
8911,0
8912,0
8913,3
8914,3
8915,0
8916,0
8917,4
8918,0
8919,4
8920,3
8921,4
8922,0
8923,0
8924,0
8925,0
8926,4
8927,0
8928,0
8929,0
8930,0
8931,3
8932,0
8933,2
8934,0
8935,4
8936,3
8937,0
8938,0
8939,3
8940,0
8941,0
8942,3
8943,4
8944,4
8945,0
8946,0
8947,0
8948,0
8949,0
8950,4
8951,3
8952,0
8953,0
8954,4
8955,4
8956,0
8957,3
8958,0
8959,0
8960,4
8961,0
8962,4
8963,3
8964,0
8965,0
8966,0
8967,0
8968,4
8969,0
8970,0
8971,4
8972,4
8973,0
8974,0
8975,0
8976,0
8977,3
8978,0
8979,0
8980,0
8981,0
8982,4
8983,0
8984,3
8985,4
8986,4
8987,0
8988,0
8989,0
8990,4
8991,0
8992,0
8993,4
8994,4
8995,3
8996,4
8997,4
8998,2
8999,3
9000,4
9001,4
9002,0
9003,0
9004,0
9005,4
9006,0
9007,4
9008,3
9009,3
9010,4
9011,0
9012,0
9013,4
9014,3
9015,4
9016,0
9017,0
9018,4
9019,4
9020,0
9021,0
9022,0
9023,0
9024,0
9025,0
9026,0
9027,4
9028,0
9029,4
9030,4
9031,0
9032,0
9033,0
9034,0
9035,0
9036,3
9037,4
9038,0
9039,4
9040,4
9041,0
9042,4
9043,4
9044,3
9045,0
9046,0
9047,3
9048,0
9049,0
9050,4
9051,4
9052,3
9053,4
9054,0
9055,0
9056,0
9057,4
9058,0
9059,4
9060,3
9061,4
9062,0
9063,0
9064,4
9065,2
9066,4
9067,4
9068,4
9069,2
9070,2
9071,0
9072,3
9073,0
9074,0
9075,4
9076,0
9077,4
9078,4
9079,0
9080,0
9081,4
9082,0
9083,0
9084,0
9085,0
9086,3
9087,0
9088,0
9089,0
9090,4
9091,0
9092,3
9093,0
9094,0
9095,3
9096,0
9097,0
9098,4
9099,4
9100,0
9101,0
9102,4
9103,0
9104,0
9105,0
9106,0
9107,4
9108,0
9109,4
9110,0
9111,0
9112,0
9113,0
9114,0
9115,0
9116,0
9117,3
9118,0
9119,4
9120,0
9121,0
9122,0
9123,4
9124,4
9125,0
9126,4
9127,0
9128,2
9129,3
9130,4
9131,4
9132,0
9133,0
9134,0
9135,3
9136,0
9137,4
9138,3
9139,4
9140,0
9141,0
9142,3
9143,4
9144,4
9145,4
9146,3
9147,0
9148,0
9149,3
9150,4
9151,0
9152,0
9153,0
9154,4
9155,4
9156,4
9157,4
9158,0
9159,0
9160,0
9161,4
9162,0
9163,4
9164,4
9165,4
9166,4
9167,0
9168,0
9169,0
9170,3
9171,4
9172,0
9173,4
9174,0
9175,0
9176,0
9177,4
9178,4
9179,0
9180,0
9181,0
9182,3
9183,0
9184,4
9185,0
9186,0
9187,0
9188,4
9189,4
9190,0
9191,0
9192,4
9193,0
9194,0
9195,4
9196,3
9197,4
9198,0
9199,0
9200,0
9201,4
9202,0
9203,4
9204,3
9205,3
9206,0
9207,0
9208,4
9209,0
9210,4
9211,0
9212,0
9213,4
9214,0
9215,4
9216,0
9217,0
9218,4
9219,0
9220,3
9221,3
9222,4
9223,0
9224,3
9225,4
9226,4
9227,3
9228,0
9229,0
9230,4
9231,4
9232,4
9233,3
9234,0
9235,4
9236,0
9237,0
9238,3
9239,4
9240,4
9241,4
9242,0
9243,0
9244,0
9245,4
9246,0
9247,0
9248,3
9249,3
9250,0
9251,4
9252,0
9253,3
9254,4
9255,0
9256,4
9257,0
9258,0
9259,4
9260,4
9261,0
9262,3
9263,0
9264,0
9265,0
9266,0
9267,4
9268,3
9269,0
9270,0
9271,0
9272,4
9273,4
9274,0
9275,0
9276,0
9277,3
9278,0
9279,0
9280,0
9281,0
9282,0
9283,0
9284,3
9285,0
9286,4
9287,0
9288,3
9289,4
9290,0
9291,3
9292,3
9293,0
9294,3
9295,0
9296,0
9297,4
9298,0
9299,4
9300,4
9301,0
9302,0
9303,4
9304,0
9305,4
9306,4
9307,0
9308,0
9309,3
9310,4
9311,0
9312,4
9313,4
9314,3
9315,0
9316,4
9317,3
9318,4
9319,0
9320,0
9321,0
9322,3
9323,0
9324,4
9325,0
9326,3
9327,0
9328,0
9329,0
9330,0
9331,0
9332,4
9333,4
9334,4
9335,0
9336,0
9337,3
9338,0
9339,4
9340,0
9341,4
9342,0
9343,0
9344,3
9345,0
9346,4
9347,3
9348,4
9349,3
9350,4
9351,0
9352,4
9353,0
9354,0
9355,0
9356,4
9357,0
9358,0
9359,2
9360,4
9361,4
9362,0
9363,4
9364,0
9365,3
9366,0
9367,4
9368,0
9369,0
9370,4
9371,3
9372,4
9373,0
9374,4
9375,0
9376,0
9377,0
9378,3
9379,0
9380,0
9381,4
9382,0
9383,3
9384,4
9385,0
9386,3
9387,4
9388,0
9389,2
9390,0
9391,0
9392,4
9393,3
9394,4
9395,0
9396,3
9397,0
9398,0
9399,0
9400,0
9401,4
9402,3
9403,0
9404,0
9405,0
9406,0
9407,0
9408,0
9409,0
9410,3
9411,4
9412,4
9413,0
9414,0
9415,4
9416,4
9417,3
9418,0
9419,0
9420,0
9421,0
9422,3
9423,3
9424,0
9425,4
9426,3
9427,0
9428,4
9429,4
9430,0
9431,3
9432,4
9433,0
9434,4
9435,3
9436,4
9437,4
9438,0
9439,0
9440,0
9441,4
9442,2
9443,0
9444,0
9445,4
9446,3
9447,4
9448,0
9449,4
9450,0
9451,4
9452,0
9453,4
9454,3
9455,0
9456,0
9457,4
9458,0
9459,2
9460,0
9461,3
9462,0
9463,3
9464,3
9465,0
9466,4
9467,0
9468,0
9469,3
9470,4
9471,0
9472,0
9473,3
9474,4
9475,4
9476,4
9477,0
9478,4
9479,4
9480,0
9481,4
9482,4
9483,3
9484,4
9485,3
9486,0
9487,0
9488,3
9489,0
9490,3
9491,0
9492,4
9493,3
9494,4
9495,3
9496,4
9497,4
9498,0
9499,0
9500,0
9501,4
9502,3
9503,4
9504,0
9505,0
9506,4
9507,3
9508,0
9509,4
9510,0
9511,4
9512,0
9513,0
9514,3
9515,3
9516,3
9517,4
9518,4
9519,3
9520,4
9521,3
9522,0
9523,3
9524,0
9525,0
9526,0
9527,0
9528,0
9529,3
9530,3
9531,0
9532,0
9533,0
9534,4
9535,3
9536,0
9537,4
9538,3
9539,2
9540,0
9541,2
9542,0
9543,0
9544,4
9545,4
9546,3
9547,0
9548,0
9549,0
9550,0
9551,4
9552,3
9553,3
9554,0
9555,4
9556,3
9557,0
9558,4
9559,3
9560,3
9561,0
9562,4
9563,3
9564,4
9565,0
9566,4
9567,3
9568,0
9569,3
9570,4
9571,0
9572,0
9573,0
9574,0
9575,3
9576,4
9577,0
9578,0
9579,4
9580,4
9581,0
9582,0
9583,0
9584,4
9585,0
9586,0
9587,0
9588,4
9589,0
9590,3
9591,4
9592,0
9593,4
9594,4
9595,4
9596,0
9597,0
9598,0
9599,0
9600,0
9601,0
9602,4
9603,4
9604,0
9605,0
9606,0
9607,3
9608,4
9609,0
9610,3
9611,0
9612,4
9613,4
9614,0
9615,0
9616,3
9617,0
9618,4
9619,0
9620,0
9621,0
9622,4
9623,3
9624,3
9625,3
9626,0
9627,3
9628,0
9629,0
9630,4
9631,0
9632,0
9633,0
9634,4
9635,0
9636,0
9637,3
9638,4
9639,0
9640,3
9641,3
9642,0
9643,0
9644,0
9645,3
9646,3
9647,0
9648,0
9649,0
9650,0
9651,3
9652,3
9653,4
9654,0
9655,0
9656,3
9657,0
9658,0
9659,0
9660,0
9661,0
9662,0
9663,4
9664,0
9665,4
9666,0
9667,4
9668,3
9669,4
9670,0
9671,0
9672,0
9673,4
9674,3
9675,0
9676,0
9677,4
9678,0
9679,4
9680,0
9681,3
9682,4
9683,3
9684,4
9685,0
9686,0
9687,0
9688,3
9689,4
9690,4
9691,0
9692,3
9693,0
9694,4
9695,0
9696,0
9697,0
9698,0
9699,3
9700,3
9701,0
9702,3
9703,0
9704,4
9705,4
9706,3
9707,4
9708,0
9709,4
9710,0
9711,0
9712,4
9713,3
9714,0
9715,0
9716,3
9717,0
9718,0
9719,0
9720,3
9721,0
9722,0
9723,0
9724,3
9725,4
9726,4
9727,0
9728,4
9729,0
9730,0
9731,3
9732,3
9733,0
9734,0
9735,4
9736,4
9737,4
9738,4
9739,0
9740,4
9741,3
9742,3
9743,0
9744,0
9745,0
9746,0
9747,4
9748,0
9749,0
9750,3
9751,0
9752,0
9753,4
9754,0
9755,3
9756,0
9757,3
9758,0
9759,0
9760,3
9761,3
9762,4
9763,0
9764,0
9765,0
9766,0
9767,3
9768,0
9769,0
9770,3
9771,4
9772,0
9773,4
9774,4
9775,0
9776,0
9777,4
9778,0
9779,0
9780,4
9781,0
9782,4
9783,4
9784,3
9785,0
9786,0
9787,4
9788,4
9789,4
9790,3
9791,0
9792,0
9793,0
9794,0
9795,4
9796,3
9797,0
9798,0
9799,0
9800,0
9801,3
9802,0
9803,4
9804,0
9805,2
9806,3
9807,4
9808,0
9809,3
9810,4
9811,3
9812,4
9813,4
9814,4
9815,0
9816,3
9817,0
9818,0
9819,4
9820,0
9821,4
9822,0
9823,0
9824,3
9825,0
9826,0
9827,4
9828,0
9829,0
9830,0
9831,3
9832,4
9833,0
9834,0
9835,0
9836,0
9837,4
9838,4
9839,0
9840,0
9841,0
9842,0
9843,0
9844,0
9845,4
9846,4
9847,0
9848,4
9849,0
9850,4
9851,4
9852,4
9853,0
9854,0
9855,3
9856,4
9857,0
9858,0
9859,3
9860,0
9861,0
9862,4
9863,3
9864,0
9865,4
9866,0
9867,4
9868,0
9869,0
9870,0
9871,4
9872,0
9873,0
9874,0
9875,0
9876,4
9877,3
9878,2
9879,3
9880,0
9881,0
9882,0
9883,4
9884,0
9885,0
9886,4
9887,4
9888,0
9889,4
9890,3
9891,0
9892,0
9893,3
9894,4
9895,4
9896,0
9897,4
9898,0
9899,0
9900,3
9901,4
9902,0
9903,4
9904,3
9905,3
9906,0
9907,4
9908,4
9909,4
9910,3
9911,0
9912,4
9913,0
9914,4
9915,0
9916,3
9917,4
9918,3
9919,0
9920,0
9921,0
9922,4
9923,4
9924,0
9925,3
9926,0
9927,0
9928,4
9929,4
9930,4
9931,3
9932,0
9933,0
9934,4
9935,0
9936,0
9937,4
9938,0
9939,0
9940,0
9941,0
9942,4
9943,3
9944,0
9945,0
9946,3
9947,0
9948,0
9949,3
9950,4
9951,4
9952,4
9953,0
9954,0
9955,0
9956,3
9957,4
9958,0
9959,3
9960,0
9961,0
9962,0
9963,0
9964,3
9965,0
9966,0
9967,4
9968,0
9969,0
9970,4
9971,0
9972,0
9973,0
9974,3
9975,4
9976,4
9977,4
9978,4
9979,4
9980,0
9981,0
9982,0
9983,0
9984,3
9985,0
9986,3
9987,3
9988,0
9989,0
9990,3
9991,0
9992,4
9993,3
9994,0
9995,4
9996,0
9997,0
9998,0
9999,0
10000,4
10001,0
10002,0
10003,4
10004,4
10005,3
10006,0
10007,4
10008,4
10009,4
10010,4
10011,0
10012,3
10013,0
10014,4
10015,0
10016,4
10017,0
10018,3
10019,3
10020,0
10021,0
10022,4
10023,3
10024,0
10025,4
10026,4
10027,0
10028,3
10029,0
10030,0
10031,4
10032,0
10033,0
10034,4
10035,0
10036,0
10037,3
10038,0
10039,4
10040,0
10041,0
10042,4
10043,0
10044,4
10045,4
10046,0
10047,0
10048,0
10049,0
10050,0
10051,3
10052,4
10053,2
10054,0
10055,0
10056,0
10057,0
10058,4
10059,0
10060,4
10061,3
10062,3
10063,0
10064,0
10065,0
10066,3
10067,4
10068,0
10069,0
10070,4
10071,4
10072,0
10073,0
10074,0
10075,4
10076,0
10077,4
10078,0
10079,0
10080,4
10081,0
10082,0
10083,0
10084,4
10085,0
10086,0
10087,0
10088,0
10089,0
10090,3
10091,3
10092,3
10093,4
10094,3
10095,0
10096,0
10097,0
10098,4
10099,4
10100,0
10101,0
10102,4
10103,0
10104,4
10105,0
10106,0
10107,4
10108,0
10109,3
10110,3
10111,0
10112,0
10113,4
10114,0
10115,4
10116,4
10117,0
10118,0
10119,0
10120,4
10121,0
10122,3
10123,4
10124,0
10125,0
10126,4
10127,0
10128,3
10129,4
10130,4
10131,0
10132,4
10133,4
10134,0
10135,0
10136,0
10137,3
10138,2
10139,3
10140,3
10141,4
10142,0
10143,4
10144,0
10145,4
10146,3
10147,4
10148,0
10149,0
10150,4
10151,4
10152,4
10153,0
10154,0
10155,0
10156,3
10157,0
10158,4
10159,0
10160,3
10161,4
10162,0
10163,0
10164,0
10165,0
10166,4
10167,4
10168,4
10169,0
10170,0
10171,4
10172,4
10173,0
10174,4
10175,4
10176,4
10177,4
10178,0
10179,4
10180,2
10181,0
10182,0
10183,3
10184,0
10185,4
10186,0
10187,0
10188,0
10189,0
10190,4
10191,0
10192,4
10193,3
10194,0
10195,3
10196,0
10197,4
10198,3
10199,0
10200,3
10201,0
10202,4
10203,3
10204,0
10205,3
10206,0
10207,0
10208,4
10209,4
10210,4
10211,3
10212,0
10213,0
10214,3
10215,2
10216,0
10217,0
10218,4
10219,0
10220,0
10221,0
10222,4
10223,3
10224,4
10225,0
10226,0
10227,3
10228,0
10229,4
10230,0
10231,0
10232,4
10233,0
10234,0
10235,4
10236,4
10237,0
10238,0
10239,3
10240,3
10241,0
10242,0
10243,0
10244,4
10245,4
10246,0
10247,3
10248,3
10249,0
10250,0
10251,0
10252,0
10253,3
10254,0
10255,4
10256,3
10257,4
10258,0
10259,0
10260,4
10261,0
10262,4
10263,4
10264,0
10265,0
10266,0
10267,0
10268,0
10269,4
10270,4
10271,4
10272,4
10273,3
10274,3
10275,4
10276,0
10277,0
10278,4
10279,2
10280,0
10281,0
10282,4
10283,4
10284,0
10285,4
10286,0
10287,4
10288,4
10289,0
10290,0
10291,2
10292,4
10293,0
10294,4
10295,4
10296,2
10297,0
10298,0
10299,4
10300,0
10301,0
10302,0
10303,3
10304,4
10305,0
10306,4
10307,0
10308,4
10309,3
10310,3
10311,3
10312,0
10313,0
10314,0
10315,0
10316,3
10317,0
10318,4
10319,3
10320,4
10321,4
10322,3
10323,4
10324,0
10325,4
10326,4
10327,0
10328,4
10329,3
10330,3
10331,0
10332,0
10333,0
10334,3
10335,0
10336,3
10337,0
10338,0
10339,4
10340,3
10341,3
10342,0
10343,4
10344,0
10345,0
10346,0
10347,4
10348,0
10349,4
10350,4
10351,4
10352,3
10353,0
10354,4
10355,0
10356,2
10357,3
10358,2
10359,0
10360,0
10361,4
10362,4
10363,4
10364,0
10365,0
10366,0
10367,3
10368,0
10369,0
10370,4
10371,4
10372,4
10373,3
10374,3
10375,0
10376,0
10377,0
10378,0
10379,0
10380,0
10381,0
10382,3
10383,3
10384,4
10385,0
10386,3
10387,0
10388,0
10389,4
10390,3
10391,3
10392,0
10393,4
10394,3
10395,0
10396,0
10397,3
10398,4
10399,3
10400,4
10401,4
10402,0
10403,0
10404,3
10405,4
10406,0
10407,3
10408,4
10409,0
10410,0
10411,4
10412,0
10413,3
10414,3
10415,3
10416,0
10417,4
10418,0
10419,4
10420,4
10421,0
10422,0
10423,0
10424,0
10425,0
10426,3
10427,3
10428,0
10429,0
10430,0
10431,0
10432,0
10433,0
10434,4
10435,3
10436,0
10437,0
10438,0
10439,3
10440,0
10441,4
10442,0
10443,0
10444,0
10445,4
10446,4
10447,3
10448,3
10449,0
10450,0
10451,0
10452,3
10453,0
10454,3
10455,0
10456,0
10457,4
10458,4
10459,0
10460,0
10461,0
10462,0
10463,0
10464,3
10465,3
10466,0
10467,4
10468,0
10469,0
10470,0
10471,4
10472,3
10473,3
10474,3
10475,0
10476,3
10477,0
10478,0
10479,4
10480,0
10481,0
10482,0
10483,0
10484,4
10485,4
10486,4
10487,0
10488,0
10489,3
10490,0
10491,3
10492,3
10493,0
10494,0
10495,0
10496,0
10497,4
10498,4
10499,3
10500,3
10501,4
10502,0
10503,3
10504,0
10505,4
10506,0
10507,3
10508,4
10509,0
10510,0
10511,0
10512,0
10513,3
10514,4
10515,0
10516,4
10517,0
10518,3
10519,4
10520,4
10521,4
10522,0
10523,0
10524,0
10525,0
10526,4
10527,3
10528,4
10529,0
10530,0
10531,3
10532,4
10533,0
10534,4
10535,0
10536,0
10537,4
10538,0
10539,0
10540,0
10541,4
10542,0
10543,4
10544,0
10545,3
10546,0
10547,0
10548,4
10549,0
10550,0
10551,3
10552,0
10553,4
10554,0
10555,0
10556,0
10557,0
10558,0
10559,3
10560,0
10561,0
10562,4
10563,0
10564,0
10565,2
10566,0
10567,0
10568,4
10569,0
10570,4
10571,4
10572,4
10573,3
10574,4
10575,0
10576,0
10577,0
10578,4
10579,0
10580,0
10581,0
10582,4
10583,0
10584,4
10585,3
10586,0
10587,0
10588,3
10589,3
10590,0
10591,4
10592,0
10593,0
10594,3
10595,3
10596,3
10597,4
10598,0
10599,4
10600,3
10601,0
10602,0
10603,3
10604,0
10605,0
10606,4
10607,0
10608,0
10609,0
10610,4
10611,0
10612,0
10613,0
10614,0
10615,3
10616,3
10617,3
10618,0
10619,3
10620,3
10621,4
10622,0
10623,0
10624,4
10625,3
10626,0
10627,3
10628,0
10629,0
10630,2
10631,0
10632,0
10633,4
10634,3
10635,0
10636,0
10637,0
10638,4
10639,0
10640,0
10641,0
10642,0
10643,0
10644,3
10645,0
10646,0
10647,0
10648,4
10649,0
10650,0
10651,4
10652,0
10653,0
10654,0
10655,0
10656,0
10657,0
10658,4
10659,4
10660,4
10661,4
10662,0
10663,0
10664,0
10665,0
10666,4
10667,0
10668,0
10669,3
10670,4
10671,3
10672,0
10673,0
10674,3
10675,0
10676,0
10677,3
10678,3
10679,4
10680,3
10681,4
10682,0
10683,0
10684,0
10685,0
10686,0
10687,3
10688,0
10689,0
10690,3
10691,4
10692,4
10693,0
10694,4
10695,0
10696,3
10697,3
10698,0
10699,4
10700,4
10701,3
10702,0
10703,4
10704,3
10705,3
10706,4
10707,0
10708,3
10709,4
10710,2
10711,0
10712,0
10713,3
10714,4
10715,0
10716,0
10717,0
10718,4
10719,4
10720,0
10721,0
10722,0
10723,0
10724,4
10725,4
10726,4
10727,3
10728,4
10729,4
10730,0
10731,0
10732,0
10733,4
10734,0
10735,0
10736,0
10737,0
10738,0
10739,0
10740,4
10741,0
10742,3
10743,3
10744,0
10745,4
10746,0
10747,3
10748,3
10749,3
10750,0
10751,0
10752,0
10753,0
10754,3
10755,0
10756,0
10757,4
10758,4
10759,0
10760,3
10761,4
10762,4
10763,3
10764,3
10765,3
10766,0
10767,4
10768,4
10769,0
10770,0
10771,0
10772,3
10773,4
10774,3
10775,3
10776,3
10777,4
10778,0
10779,0
10780,4
10781,3
10782,4
10783,3
10784,4
10785,3
10786,4
10787,0
10788,4
10789,0
10790,4
10791,3
10792,3
10793,0
10794,3
10795,0
10796,0
10797,4
10798,0
10799,0
10800,4
10801,2
10802,0
10803,4
10804,0
10805,0
10806,3
10807,4
10808,0
10809,0
10810,3
10811,3
10812,4
10813,0
10814,4
10815,0
10816,0
10817,0
10818,0
10819,0
10820,0
10821,0
10822,0
10823,4
10824,0
10825,4
10826,0
10827,4
10828,4
10829,4
10830,3
10831,3
10832,0
10833,4
10834,0
10835,0
10836,0
10837,0
10838,0
10839,0
10840,0
10841,0
10842,4
10843,0
10844,4
10845,4
10846,0
10847,0
10848,0
10849,4
10850,0
10851,4
10852,4
10853,0
10854,0
10855,0
10856,0
10857,4
10858,0
10859,3
10860,4
10861,4
10862,0
10863,3
10864,0
10865,0
10866,0
10867,0
10868,4
10869,0
10870,0
10871,0
10872,4
10873,4
10874,0
10875,0
10876,0
10877,0
10878,4
10879,4
10880,4
10881,3
10882,3
10883,3
10884,0
10885,0
10886,3
10887,3
10888,0
10889,4
10890,0
10891,4
10892,3
10893,0
10894,0
10895,3
10896,0
10897,4
10898,3
10899,0
10900,0
10901,0
10902,0
10903,0
10904,4
10905,0
10906,2
10907,0
10908,0
10909,0
10910,4
10911,3
10912,0
10913,0
10914,4
10915,4
10916,3
10917,0
10918,3
10919,0
10920,0
10921,3
10922,4
10923,0
10924,0
10925,0
10926,0
10927,0
10928,0
10929,0
10930,3
10931,4
10932,3
10933,0
10934,0
10935,0
10936,3
10937,0
10938,0
10939,3
10940,3
10941,4
10942,2
10943,0
10944,4
10945,3
10946,4
10947,4
10948,3
10949,3
10950,3
10951,0
10952,0
10953,3
10954,2
10955,3
10956,0
10957,3
10958,0
10959,4
10960,0
10961,0
10962,4
10963,4
10964,0
10965,3
10966,4
10967,0
10968,0
10969,3
10970,4
10971,4
10972,0
10973,0
10974,4
10975,0
10976,4
10977,0
10978,4
10979,0
10980,4
10981,3
10982,0
10983,0
10984,0
10985,3
10986,3
10987,4
10988,3
10989,0
10990,0
10991,0
10992,0
10993,3
10994,4
10995,4
10996,0
10997,4
10998,0
10999,4
11000,4
11001,0
11002,0
11003,4
11004,0
11005,0
11006,0
11007,4
11008,4
11009,0
11010,0
11011,0
11012,0
11013,4
11014,0
11015,0
11016,0
11017,0
11018,0
11019,3
11020,4
11021,3
11022,2
11023,0
11024,0
11025,0
11026,4
11027,0
11028,0
11029,4
11030,3
11031,0
11032,0
11033,4
11034,4
11035,4
11036,0
11037,0
11038,4
11039,3
11040,0
11041,0
11042,4
11043,0
11044,3
11045,4
11046,4
11047,4
11048,0
11049,0
11050,3
11051,3
11052,0
11053,0
11054,3
11055,3
11056,0
11057,3
11058,4
11059,4
11060,0
11061,3
11062,4
11063,4
11064,0
11065,4
11066,4
11067,3
11068,4
11069,3
11070,0
11071,0
11072,0
11073,3
11074,4
11075,0
11076,0
11077,4
11078,4
11079,0
11080,4
11081,4
11082,0
11083,3
11084,0
11085,0
11086,0
11087,3
11088,3
11089,0
11090,0
11091,4
11092,0
11093,0
11094,3
11095,4
11096,4
11097,4
11098,2
11099,4
11100,3
11101,0
11102,0
11103,4
11104,2
11105,4
11106,0
11107,0
11108,3
11109,3
11110,3
11111,3
11112,2
11113,0
11114,0
11115,0
11116,3
11117,0
11118,4
11119,0
11120,0
11121,0
11122,0
11123,4
11124,0
11125,0
11126,0
11127,2
11128,4
11129,0
11130,0
11131,3
11132,0
11133,0
11134,0
11135,0
11136,4
11137,4
11138,4
11139,4
11140,0
11141,0
11142,2
11143,0
11144,0
11145,0
11146,4
11147,0
11148,0
11149,0
11150,4
11151,0
11152,0
11153,0
11154,2
11155,3
11156,3
11157,4
11158,0
11159,0
11160,3
11161,0
11162,0
11163,2
11164,0
11165,0
11166,0
11167,3
11168,3
11169,0
11170,4
11171,4
11172,4
11173,0
11174,4
11175,0
11176,4
11177,4
11178,4
11179,4
11180,2
11181,3
11182,4
11183,0
11184,4
11185,3
11186,4
11187,0
11188,3
11189,0
11190,0
11191,0
11192,4
11193,4
11194,0
11195,4
11196,0
11197,0
11198,0
11199,0
11200,0
11201,4
11202,3
11203,0
11204,0
11205,0
11206,0
11207,0
11208,4
11209,0
11210,0
11211,0
11212,0
11213,4
11214,0
11215,0
11216,0
11217,3
11218,2
11219,4
11220,3
11221,0
11222,0
11223,0
11224,0
11225,3
11226,0
11227,4
11228,4
11229,0
11230,0
11231,4
11232,0
11233,0
11234,4
11235,0
11236,0
11237,4
11238,0
11239,4
11240,3
11241,0
11242,4
11243,0
11244,4
11245,0
11246,4
11247,3
11248,3
11249,0
11250,0
11251,0
11252,0
11253,3
11254,3
11255,3
11256,0
11257,4
11258,0
11259,0
11260,0
11261,0
11262,0
11263,0
11264,0
11265,0
11266,0
11267,4
11268,3
11269,0
11270,4
11271,0
11272,4
11273,0
11274,4
11275,0
11276,0
11277,4
11278,3
11279,4
11280,4
11281,0
11282,0
11283,0
11284,0
11285,0
11286,3
11287,4
11288,4
11289,4
11290,4
11291,4
11292,3
11293,4
11294,0
11295,4
11296,4
11297,0
11298,4
11299,4
11300,4
11301,3
11302,4
11303,3
11304,0
11305,0
11306,4
11307,4
11308,0
11309,3
11310,4
11311,4
11312,0
11313,4
11314,4
11315,3
11316,4
11317,0
11318,0
11319,0
11320,4
11321,0
11322,0
11323,3
11324,0
11325,0
11326,2
11327,3
11328,0
11329,0
11330,0
11331,0
11332,0
11333,4
11334,0
11335,0
11336,4
11337,0
11338,4
11339,4
11340,0
11341,4
11342,0
11343,2
11344,4
11345,4
11346,3
11347,0
11348,0
11349,0
11350,0
11351,0
11352,3
11353,0
11354,3
11355,0
11356,0
11357,4
11358,0
11359,0
11360,0
11361,4
11362,0
11363,2
11364,0
11365,0
11366,0
11367,0
11368,4
11369,0
11370,3
11371,3
11372,0
11373,3
11374,4
11375,3
11376,3
11377,4
11378,2
11379,0
11380,4
11381,0
11382,0
11383,0
11384,4
11385,3
11386,0
11387,0
11388,4
11389,0
11390,0
11391,0
11392,0
11393,0
11394,0
11395,3
11396,4
11397,4
11398,3
11399,4
11400,4
11401,0
11402,0
11403,3
11404,4
11405,0
11406,4
11407,4
11408,3
11409,0
11410,4
11411,0
11412,0
11413,0
11414,3
11415,3
11416,0
11417,4
11418,3
11419,0
11420,4
11421,3
11422,3
11423,4
11424,3
11425,3
11426,0
11427,3
11428,4
11429,3
11430,3
11431,0
11432,2
11433,0
11434,4
11435,3
11436,4
11437,0
11438,4
11439,0
11440,3
11441,4
11442,3
11443,0
11444,0
11445,4
11446,4
11447,0
11448,0
11449,0
11450,0
11451,0
11452,0
11453,4
11454,4
11455,3
11456,3
